,Oferta od,Kategoria,Pokaż oferty z numerem VIN,Ma numer rejestracyjny,Marka pojazdu,Model pojazdu,Generacja,Rok produkcji,Przebieg,Pojemność skokowa,Rodzaj paliwa,Moc,Skrzynia biegów,Napęd,Typ nadwozia,Liczba drzwi,Liczba miejsc,Kolor,Rodzaj koloru,Kraj pochodzenia,Numer rejestracyjny pojazdu,Zarejestrowany w Polsce,Stan,price,currency,Rok,Przebieg_add,Paliwo,Typ_nadwozia_add,Wersja,VIN,Spalanie W Mieście,VAT marża,Data pierwszej rejestracji w historii pojazdu,Spalanie Poza Miastem,Emisja CO2,Bezwypadkowy,Uszkodzony,Serwisowany w ASO,Kierownica po prawej (Anglik),Filtr cząstek stałych,Pierwszy właściciel (od nowości),Spalanie W Cyklu Mieszanym,Możliwość finansowania,Faktura VAT,Zarejestrowany jako zabytek,Tuning,Leasing,Gwarancja dealerska (w cenie),lub do (przebieg km)
0,Osoby prywatnej,Osobowe,Tak,Tak,Saab,9-3,II (2003-2011),2010,165 000 km,1 998 cm3,Benzyna,210 KM,Manualna,Na przednie koła,Sedan,4,5,Czarny,Metalik,Stany Zjednoczone,SK670PW,Tak,Używane,31250,PLN,2010,165 000 km,Benzyna,Sedan,,,,,,,,,,,,,,,,,,,,,
1,Osoby prywatnej,Osobowe,Tak,,Saab,9-3,II (2003-2011),2004,293 610 km,1 796 cm3,Benzyna+LPG,122 KM,Manualna,,Sedan,4,,Czarny,,,,,Używane,6900,PLN,2004,293 610 km,Benzyna+LPG,Sedan,1.8i Arc,YS3FB45B141061629,10 l/100km,Tak,,,,,,,,,,,,,,,,,
2,Osoby prywatnej,Osobowe,Tak,Tak,Saab,9000,,1990,339 000 km,2 290 cm3,Benzyna,200 KM,Manualna,Na przednie koła,Coupe,5,5,Niebieski,,Niemcy,DKL 68439,Tak,Używane,8999,PLN,1990,339 000 km,Benzyna,Coupe,2.3-16 TCS Turbo,,,,18/10/1990,,,,,,,,,,,,,,,,
3,Osoby prywatnej,Osobowe,Tak,Tak,Saab,9-5,,2005,202 000 km,2 290 cm3,Benzyna,185 KM,Manualna,,Kombi,5,5,Szary,,Szwecja,XAO163,,Używane,5600,PLN,2005,202 000 km,Benzyna,Kombi,Kombi 2.3T Vector Sport,,13 l/100km,,15/02/2006,,,,,,,,,,,,,,,,
4,Osoby prywatnej,Osobowe,Tak,,Saab,9-3,II (2003-2011),2007,348 000 km,1 998 cm3,Benzyna+LPG,175 KM,Automatyczna,Na przednie koła,Sedan,4,5,Czarny,,Szwecja,,Tak,Używane,10000,PLN,2007,348 000 km,Benzyna+LPG,Sedan,2.0T Vector,,"12,90 l/100km",,,6.7 l/100km,216 g/km,,,,,,,,,,,,,,
5,Osoby prywatnej,Osobowe,Tak,Tak,Saab,9-3,II (2003-2011),2003,304 000 km,2 171 cm3,Diesel,125 KM,Manualna,Na przednie koła,Sedan,5,5,Czarny,,Szwajcaria,WR949ET,Tak,Używane,4999,PLN,2003,304 000 km,Diesel,Sedan,S 2.2 TiD,,8 l/100km,,11/04/2003,5.0 l/100km,164 g/km,Tak,,,,,,,,,,,,,
6,Osoby prywatnej,Osobowe,Tak,,Saab,9-5,,2006,150 000 km,1 910 cm3,Diesel,150 KM,Manualna,,Sedan,5,5,Granatowy,Metalik,,,Tak,Używane,3800,PLN,2006,150 000 km,Diesel,Sedan,,,,,,,,,Tak,,,,,,,,,,,,
7,Osoby prywatnej,Osobowe,Tak,Tak,Saab,9-5,,2007,217 000 km,1 910 cm3,Diesel,150 KM,Manualna,Na przednie koła,Kombi,5,5,Szary,Metalik,,ZAREJESTORWANY W PL,Tak,Używane,13500,PLN,2007,217 000 km,Diesel,Kombi,Kombi 1.9 TiDPF Linear,,9 l/100km,Tak,20/08/2007,,184 g/km,Tak,,,,,,,,,,,,,
8,Osoby prywatnej,Osobowe,Tak,Tak,Saab,9-3,II (2003-2011),2008,170 000 km,1 998 cm3,Benzyna,210 KM,Automatyczna,Na przednie koła,Kabriolet,2,4,Srebrny,Metalik,Stany Zjednoczone,WD9540K,Tak,Używane,45999,PLN,2008,170 000 km,Benzyna,Kabriolet,2.0T Cabrio Aero,,"13,40 l/100km",,01/01/2008,6.9 l/100km,214 g/km,,,,,,,,,,,,,,
9,Osoby prywatnej,Osobowe,Tak,Tak,Saab,9-3,II (2003-2011),2010,258 722 km,1 910 cm3,Diesel,120 KM,Manualna,Na przednie koła,Sedan,4,5,Biały,Metalik,Holandia,LPU94651,Tak,Używane,24700,PLN,2010,258 722 km,Diesel,Sedan,,,,,24/06/2010,,,,,,,,,,,,,,,,
10,Osoby prywatnej,Osobowe,Tak,,Saab,9-7X,,2006,166 000 km,5 328 cm3,Benzyna+LPG,300 KM,Automatyczna,4x4 (dołączany automatycznie),Kombi,5,5,Czarny,Metalik,,,Tak,Używane,28290,PLN,2006,166 000 km,Benzyna+LPG,Kombi,,,,,12/07/2006,,,,,,,,,,,,,,,,
11,Osoby prywatnej,Osobowe,Tak,,Saab,900,,1994,329 000 km,1 985 cm3,Benzyna,130 KM,Automatyczna,,Coupe,3,5,Złoty,,,,Tak,Używane,3999,PLN,1994,329 000 km,Benzyna,Coupe,,,,,,,,,,,,,,,,,,,,,
12,Osoby prywatnej,Osobowe,Tak,Tak,Saab,9-3,II (2003-2011),2010,234 958 km,1 910 cm3,Diesel,180 KM,Automatyczna,Na przednie koła,Sedan,5,5,Czarny,,,WN 9824J,Tak,Używane,24000,PLN,2010,234 958 km,Diesel,Sedan,,,,,03/08/2010,,,Tak,,Tak,,,,,,,,,,,
13,Osoby prywatnej,Osobowe,Tak,,Saab,9-5,,2012,212 000 km,1 956 cm3,Diesel,190 KM,Manualna,Na przednie koła,Sedan,4,5,Czarny,Perłowy,Luksemburg,,,Używane,24999,PLN,2012,212 000 km,Diesel,Sedan,2.0 TTiD PF Vector,,8 l/100km,,,5.0 l/100km,176 g/km,,Tak,,,,,,,,,,,,
14,Osoby prywatnej,Osobowe,Tak,Tak,Saab,9-3,II (2003-2011),2010,224 000 km,1 910 cm3,Diesel,160 KM,Manualna,Na przednie koła,Sedan,4,5,Szary,,Wielka Brytania,KBC 60259,Tak,Używane,16500,PLN,2010,224 000 km,Diesel,Sedan,,,,,29/11/2010,,,Tak,,,Tak,,,,,,,,,,
15,Osoby prywatnej,Osobowe,Tak,Tak,Saab,9-3,II (2003-2011),2008,302 609 km,1 910 cm3,Diesel,175 KM,Manualna,Na przednie koła,Sedan,5,5,Czarny,Metalik,Polska,KR808NG,Tak,Używane,18500,PLN,2008,302 609 km,Diesel,Sedan,1.9TiD PF Vector,,9 l/100km,,13/05/2008,,,Tak,,Tak,,,,,,,,,,,
16,Osoby prywatnej,Osobowe,Tak,Tak,Saab,9-3,II (2003-2011),2004,180 000 km,1 998 cm3,Benzyna+LPG,210 KM,Automatyczna,Na przednie koła,Kabriolet,2,4,Czerwony,,Austria,PSL305AP,Tak,Używane,21900,PLN,2004,180 000 km,Benzyna+LPG,Kabriolet,,,,,06/03/2009,,,,,,,,,,,,,,,,
17,Firmy,Osobowe,Tak,Tak,Saab,9-3,II (2003-2011),2003,266 000 km,1 998 cm3,Benzyna,150 KM,Automatyczna,Na przednie koła,Sedan,2,5,Czarny,Metalik,,dj74616,Tak,Używane,12900,PLN,2003,266 000 km,Benzyna,Sedan,,,,Tak,16/06/2003,,,,,,,,,,,,,,,,
18,Osoby prywatnej,Osobowe,Tak,Tak,Saab,9-3,II (2003-2011),2008,325 800 km,1 910 cm3,Diesel,180 KM,Automatyczna,Na przednie koła,Kombi,5,5,Czarny,,Dania,KR2YU13,Tak,Używane,21900,PLN,2008,325 800 km,Diesel,Kombi,,,,,17/01/2008,,,Tak,,,,Tak,,,,,,,,,
19,Osoby prywatnej,Osobowe,Tak,Tak,Saab,9-5,,2002,303 000 km,2 962 cm3,Benzyna+LPG,200 KM,Automatyczna,Na przednie koła,Sedan,4,5,Srebrny,Metalik,Belgia,NO1959U,Tak,Używane,10000,PLN,2002,303 000 km,Benzyna+LPG,Sedan,3.0T Arc,,16 l/100km,,24/06/2002,,,Tak,,,,,,,,,,,,,
20,Osoby prywatnej,Osobowe,Tak,,Saab,9-5,,2008,176 000 km,1 985 cm3,Benzyna,150 KM,Automatyczna,Na przednie koła,Kombi,5,5,Czarny,,Polska,,Tak,Używane,14900,PLN,2008,176 000 km,Benzyna,Kombi,,,,,02/05/2008,,,Tak,,,,,,,,,,,,,
21,Firmy,Osobowe,Tak,,Saab,9-3,II (2003-2011),2009,200 000 km,1 910 cm3,Diesel,150 KM,Manualna,Na przednie koła,Kombi,5,5,Błękitny,,,,,Używane,18900,PLN,2009,200 000 km,Diesel,Kombi,1.9 TiD Sport Kombi DPF Vector,,"7,80 l/100km",Tak,,4.8 l/100km,159 g/km,Tak,,Tak,,Tak,Tak,,,,,,,,
22,Osoby prywatnej,Osobowe,Tak,,Saab,9-3,II (2003-2011),2003,486 000 km,2 171 cm3,Diesel,125 KM,Manualna,Na przednie koła,Sedan,5,,Czarny,,,,,Używane,5500,PLN,2003,486 000 km,Diesel,Sedan,,,7 l/100km,,,5 l/100km,,,,,,,,6 l/100km,,,,,,,
23,Firmy,Osobowe,Tak,Tak,Saab,9-3,II (2003-2011),2007,236 800 km,1 910 cm3,Diesel,150 KM,Automatyczna,Na przednie koła,Kombi,5,5,Czarny,Perłowy,Francja,EJ564PA,,Używane,12900,PLN,2007,236 800 km,Diesel,Kombi,,,"9,50 l/100km",Tak,21/12/2006,5.1 l/100km,179 g/km,Tak,,Tak,,Tak,Tak,,,,,,,,
24,Firmy,Osobowe,Tak,,Saab,9-3,II (2003-2011),2007,304 942 km,1 998 cm3,Benzyna,150 KM,Manualna,Na przednie koła,Kombi,5,5,Czarny,Metalik,,,Tak,Używane,16900,PLN,2007,304 942 km,Benzyna,Kombi,1.8t Sport-Kombi Vector,,"10,90 l/100km",Tak,,,,Tak,,Tak,,,,,,,,,,,
25,Osoby prywatnej,Osobowe,Tak,Tak,Saab,9-3,II (2003-2011),2003,251 000 km,1 796 cm3,Benzyna+LPG,122 KM,Manualna,,Sedan,4,5,Srebrny,,,TK 8721V,Tak,Używane,7700,PLN,2003,251 000 km,Benzyna+LPG,Sedan,1.8i Linear,,10 l/100km,,17/11/2003,,,,,,,,,,,,,,,,
26,Osoby prywatnej,Osobowe,Tak,,Saab,9-3,II (2003-2011),2007,261 404 km,1 998 cm3,Benzyna,150 KM,Manualna,Na przednie koła,Sedan,5,,Srebrny,,Szwecja,,Tak,Używane,18900,PLN,2007,261 404 km,Benzyna,Sedan,1.8t Linear BioPower,,10 l/100km,,,8 l/100km,,,,,,Tak,,9 l/100km,,,,,,,
27,Firmy,Osobowe,Tak,,Saab,9-3,II (2003-2011),2005,251 362 km,1 910 cm3,Diesel,120 KM,Manualna,Na przednie koła,Kombi,5,5,Czarny,Metalik,,,,Używane,9999,PLN,2005,251 362 km,Diesel,Kombi,1.9TiD PF Vector,,7 l/100km,Tak,,,,,,,,,,,,,,,,,
28,Firmy,Osobowe,Tak,Tak,Saab,9-3,II (2003-2011),2004,344 000 km,1 910 cm3,Diesel,150 KM,Manualna,Na przednie koła,Sedan,5,5,Srebrny,Metalik,Belgia,EOP GL64,Tak,Używane,8950,PLN,2004,344 000 km,Diesel,Sedan,,,"7,80 l/100km",Tak,27/01/2005,,,,,Tak,,,,,,,,,,,
29,Osoby prywatnej,Osobowe,,,Saab,Inny,,1968,85 525 km,1 498 cm3,Benzyna,65 KM,Manualna,,Coupe,2,,Czerwony,,,,,Używane,23700,PLN,1968,85 525 km,Benzyna,Coupe,,,,,,,,,,,,,,,,,,,,,
30,Firmy,Osobowe,Tak,Tak,Saab,9-3,II (2003-2011),2003,280 000 km,2 171 cm3,Diesel,125 KM,Manualna,Na przednie koła,Kompakt,5,5,Czarny,Metalik,Niemcy,SO2356C,Tak,Używane,6999,PLN,2003,280 000 km,Diesel,Kompakt,S 2.2 TiD,,8 l/100km,Tak,19/09/2003,5.0 l/100km,164 g/km,,,,,,,,,,,,,,
31,Firmy,Osobowe,Tak,Tak,Saab,9-5,,2006,303 241 km,1 910 cm3,Diesel,150 KM,Automatyczna,Na przednie koła,Kombi,5,5,Niebieski,Metalik,,PO 648NS,Tak,Używane,8900,PLN,2006,303 241 km,Diesel,Kombi,,,,,22/09/2006,,,Tak,,,,,,,Tak,,,,,,
32,Osoby prywatnej,Osobowe,Tak,,Saab,9-3,II (2003-2011),2004,294 508 km,2 171 cm3,Diesel,125 KM,Manualna,Na przednie koła,Sedan,5,5,Czarny,,,,,Używane,6500,PLN,2004,294 508 km,Diesel,Sedan,S 2.2 TiD,,8 l/100km,,,5.0 l/100km,164 g/km,Tak,Tak,,,,,,,,,,,,
33,Osoby prywatnej,Osobowe,Tak,,Saab,9-3,II (2003-2011),2008,197 000 km,1 998 cm3,Benzyna,150 KM,Manualna,Na przednie koła,Kombi,5,5,Czarny,Metalik,,,,Używane,21900,PLN,2008,197 000 km,Benzyna,Kombi,2.0T Vector,,6 l/100km,,,4.0 l/100km,132 g/km,Tak,,Tak,,Tak,Tak,,,,,,,,
34,Osoby prywatnej,Osobowe,Tak,Tak,Saab,9-7X,,2006,299 890 km,4 160 cm3,Benzyna,290 KM,Automatyczna,4x4 (stały),SUV,5,5,Szary,,Holandia,K63K,Tak,Używane,23900,PLN,2006,299 890 km,Benzyna,SUV,4.2i,,,,01/12/2006,,,Tak,,,,,,,,,,,,,
35,Firmy,Osobowe,Tak,,Saab,9-3,II (2003-2011),2006,209 000 km,2 792 cm3,Benzyna,250 KM,Automatyczna,Na przednie koła,Kabriolet,4,4,Czarny,Metalik,Szwajcaria,,Tak,Używane,69999,PLN,2006,209 000 km,Benzyna,Kabriolet,,,,,05/07/2006,,,Tak,,Tak,,,,,,,,,,,
36,Osoby prywatnej,Osobowe,Tak,,Saab,9-3,I (1998-2002),1999,222 222 km,2 290 cm3,Benzyna,230 KM,Manualna,Na przednie koła,Kabriolet,2,4,Czarny,Metalik,,,Tak,Używane,69900,PLN,1999,222 222 km,Benzyna,Kabriolet,Viggen 2.3TS,,13 l/100km,,01/01/1999,,,,,,,,,,,,,,,,
37,Osoby prywatnej,Osobowe,Tak,Tak,Saab,9-3,I (1998-2002),1998,330 750 km,2 200 cm3,Diesel,115 KM,Manualna,,Sedan,5,5,Granatowy,,Niemcy,lle4u69,Tak,Używane,3500,PLN,1998,330 750 km,Diesel,Sedan,,,,,02/10/1998,,,,,,,,,,,,,,,,
38,Firmy,Osobowe,Tak,Tak,Saab,9-3,I (1998-2002),2001,149 000 km,1 985 cm3,Benzyna,205 KM,Manualna,Na przednie koła,Kabriolet,2,5,Niebieski,Metalik,,WI878LP,,Używane,70000,PLN,2001,149 000 km,Benzyna,Kabriolet,Aero 2.0TS,,14 l/100km,,05/07/2001,,,,Tak,,,,,,,,,,,,
39,Osoby prywatnej,Osobowe,Tak,,Saab,9-5,,2007,133 000 km,2 290 cm3,Benzyna,185 KM,Manualna,Na przednie koła,Sedan,5,5,Błękitny,Metalik,Szwecja,,,Używane,12300,PLN,2007,133 000 km,Benzyna,Sedan,Kombi 2.3T Vector,,13 l/100km,,,,,,,,,,,,,Tak,,,,,
40,Osoby prywatnej,Osobowe,Tak,,Saab,9-3,II (2003-2011),2008,265 000 km,1 910 cm3,Diesel,120 KM,Manualna,,Sedan,4,5,Granatowy,,,,Tak,Używane,15500,PLN,2008,265 000 km,Diesel,Sedan,,,,Tak,,,,,,,,,,,,,,,,,
41,Osoby prywatnej,Osobowe,Tak,,Saab,9-3,II (2003-2011),2009,320 000 km,1 910 cm3,Diesel,120 KM,Manualna,Na przednie koła,Kombi,5,,Szary,Metalik,,,Tak,Używane,12900,PLN,2009,320 000 km,Diesel,Kombi,1.9TiD PF Vector,,7 l/100km,,,,,,Tak,,,,,,,,,,,,
42,Osoby prywatnej,Osobowe,Tak,Tak,Saab,9-3,II (2003-2011),2007,133 680 km,1 998 cm3,Benzyna,210 KM,Automatyczna,,Kabriolet,2,4,Czarny,,Stany Zjednoczone,GD 652YY,Tak,Używane,32500,PLN,2007,133 680 km,Benzyna,Kabriolet,2.0T Cabrio Spezial Edition,,14 l/100km,,01/01/2007,,,,,,,,,,,,,,,,
43,Osoby prywatnej,Osobowe,Tak,Tak,Saab,9-3,II (2003-2011),2004,330 000 km,1 796 cm3,Benzyna,122 KM,Manualna,Na przednie koła,Sedan,4,5,Zielony,,Szwecja,LU449HA,Tak,Używane,6500,PLN,2004,330 000 km,Benzyna,Sedan,1.8i Linear,,10 l/100km,,01/01/2004,5.0 l/100km,,,,,,,,,,Tak,,,,,
44,Osoby prywatnej,Osobowe,Tak,,Saab,9-3,II (2003-2011),2006,188 054 km,1 910 cm3,Diesel,150 KM,Manualna,Na przednie koła,Kombi,5,5,Czarny,Metalik,Wielka Brytania,,Tak,Używane,7900,PLN,2006,188 054 km,Diesel,Kombi,1.9TiDS PF Vector,,"7,80 l/100km",,,,,,,Tak,Tak,Tak,,,,,,,,,
45,Osoby prywatnej,Osobowe,Tak,,Saab,900,,1987,230 400 km,1 985 cm3,Benzyna,99 KM,Manualna,,Coupe,2,5,Biały,,,,,Używane,21900,PLN,1987,230 400 km,Benzyna,Coupe,2.0,YS3AA25C0H7037867,,,,,,,,,,,,,,,,,,,
46,Osoby prywatnej,Osobowe,Tak,Tak,Saab,9-5,,2007,277 395 km,1 985 cm3,Benzyna,150 KM,Manualna,Na przednie koła,Kombi,5,5,Czarny,Metalik,Dania,SG9159Y,Tak,Używane,20000,PLN,2007,277 395 km,Benzyna,Kombi,,,,,,,,Tak,,Tak,,,,,,,,,,,
47,Osoby prywatnej,Osobowe,Tak,Tak,Saab,900,,1995,212 000 km,1 985 cm3,Benzyna,130 KM,Manualna,Na przednie koła,Kabriolet,3,4,Srebrny,Metalik,Niemcy,DST727AN,Tak,Używane,11500,PLN,1995,212 000 km,Benzyna,Kabriolet,Coupe 2.0 S,,,,28/12/1995,,,Tak,,,,,,,,,,,,,
48,Firmy,Osobowe,Tak,,Saab,9-3,II (2003-2011),2006,264 500 km,1 988 cm3,Benzyna,150 KM,Manualna,Na przednie koła,Kombi,5,5,Czerwony,Metalik,Szwecja,,Tak,Używane,8500,PLN,2006,264 500 km,Benzyna,Kombi,,,,Tak,,,,Tak,,Tak,,,,,Tak,,,,,,
49,Osoby prywatnej,Osobowe,Tak,,Saab,9-3,II (2003-2011),2003,253 300 km,1 998 cm3,Benzyna,175 KM,Manualna,Na przednie koła,Sedan,5,5,Niebieski,Metalik,Szwecja,,Tak,Używane,8000,PLN,2003,253 300 km,Benzyna,Sedan,2.0T Linear,,11 l/100km,,24/11/2003,6.0 l/100km,197 g/km,Tak,,,,,,,,,,,,,
50,Osoby prywatnej,Osobowe,Tak,Tak,Saab,9-5,,2004,273 668 km,2 290 cm3,Benzyna,250 KM,Manualna,Na przednie koła,Sedan,4,5,Czerwony,Metalik,Szwecja,WRA 2162H,Tak,Używane,20000,PLN,2004,273 668 km,Benzyna,Sedan,2.3TS Aero,,13 l/100km,,19/05/2004,6.0 l/100km,,,,,,,,,,,,,,,
51,Osoby prywatnej,Osobowe,Tak,,Saab,9-5,,2003,303 000 km,2 290 cm3,Benzyna+LPG,250 KM,Automatyczna,,Kombi,5,,Inny kolor,,,,,Używane,25000,PLN,2003,303 000 km,Benzyna+LPG,Kombi,,ys3eh59g043014201,,,,,,,,,,,,,,,,,,,
52,Osoby prywatnej,Osobowe,Tak,,Saab,9-3,II (2003-2011),2006,200 000 km,1 998 cm3,Benzyna+LPG,210 KM,Automatyczna,Na przednie koła,Sedan,4,,Czarny,,,,,Używane,15500,PLN,2006,200 000 km,Benzyna+LPG,Sedan,,,"13,70 l/100km",,,,,,,,,,,10 l/100km,,,,,,,
53,Osoby prywatnej,Osobowe,Tak,,Saab,9-3,I (1998-2002),2000,417 000 km,1 985 cm3,Benzyna,130 KM,Manualna,Na przednie koła,Sedan,5,5,Czarny,Metalik,,,Tak,Używane,4300,PLN,2000,417 000 km,Benzyna,Sedan,SE 2.0i,,,,,7.0 l/100km,,,,,,,,,,,,,,,
54,Firmy,Osobowe,Tak,,Saab,9-3,II (2003-2011),2004,255 000 km,1 998 cm3,Benzyna,150 KM,Manualna,Na przednie koła,Kabriolet,2,5,Inny kolor,Metalik,,,,Używane,10900,PLN,2004,255 000 km,Benzyna,Kabriolet,,,"10,90 l/100km",Tak,,,,,,,,,,,Tak,,,,,,
55,Firmy,Osobowe,Tak,,Saab,9-3,II (2003-2011),2007,251 000 km,1 796 cm3,Benzyna,122 KM,Manualna,Na przednie koła,Kombi,5,5,Inny kolor,Metalik,,,,Używane,11900,PLN,2007,251 000 km,Benzyna,Kombi,1.8i Sport-Kombi Linear,,"10,50 l/100km",Tak,,,,,,,,,,,Tak,,,,,,
56,Osoby prywatnej,Osobowe,Tak,,Saab,9-3,II (2003-2011),2008,140 600 km,1 998 cm3,Benzyna,149 KM,Automatyczna,Na przednie koła,Kabriolet,2,4,Czarny,Metalik,,,Tak,Używane,47900,PLN,2008,140 600 km,Benzyna,Kabriolet,,,,,13/05/2008,,,,,,,,,,,,,,,,
57,Firmy,Osobowe,Tak,,Saab,9-3,II (2003-2011),2008,244 000 km,1 910 cm3,Diesel,120 KM,Manualna,Na przednie koła,Sedan,5,5,Brązowy,Metalik,,,,Używane,20900,PLN,2008,244 000 km,Diesel,Sedan,1.9TiD PF Linear,,7 l/100km,,,,,Tak,,,,,,,,,,,,,
58,Firmy,Osobowe,Tak,,Saab,9-5,,2010,279 000 km,1 956 cm3,Diesel,160 KM,Automatyczna,Na przednie koła,Sedan,4,5,Czarny,Metalik,,,,Używane,31900,PLN,2010,279 000 km,Diesel,Sedan,,,,Tak,,,,Tak,,Tak,,,Tak,,,,,,,,
59,Firmy,Osobowe,Tak,,Saab,9-3,II (2003-2011),2003,308 000 km,1 998 cm3,Benzyna+LPG,150 KM,Manualna,Na przednie koła,Sedan,5,5,Niebieski,,,,Tak,Używane,7900,PLN,2003,308 000 km,Benzyna+LPG,Sedan,,,,Tak,,,,,,,,,,,,,,,,,
60,Osoby prywatnej,Osobowe,Tak,Tak,Saab,9-3,II (2003-2011),2005,314 346 km,1 998 cm3,Benzyna+LPG,175 KM,Automatyczna,Na przednie koła,Sedan,2,5,Czarny,Metalik,Szwajcaria,WG90595,Tak,Używane,8000,PLN,2005,314 346 km,Benzyna+LPG,Sedan,,,,,02/06/2005,,,Tak,Tak,,,,,,,,,,,,
61,Firmy,Osobowe,Tak,Tak,Saab,9-3,II (2003-2011),2005,233 000 km,1 796 cm3,Benzyna,122 KM,Manualna,Na przednie koła,Sedan,4,5,Czarny,Metalik,,wl9994p,Tak,Używane,8900,PLN,2005,233 000 km,Benzyna,Sedan,,,,,19/04/2005,,,,,,,,,,,,,,,,
62,Osoby prywatnej,Osobowe,Tak,,Saab,9-3,I (1998-2002),2000,254 000 km,1 985 cm3,Benzyna,205 KM,Automatyczna,Na przednie koła,Kabriolet,2,4,Granatowy,Metalik,Niemcy,,Tak,Używane,20000,PLN,2000,254 000 km,Benzyna,Kabriolet,,,,,,,,,,,,,,,,,,,,,
63,Firmy,Osobowe,Tak,Tak,Saab,9-3,II (2003-2011),2004,286 573 km,1 998 cm3,Benzyna+LPG,150 KM,Automatyczna,Na przednie koła,Sedan,4,5,Srebrny,,,LU787NP,,Używane,9900,PLN,2004,286 573 km,Benzyna+LPG,Sedan,,,,Tak,07/06/2004,,,,,,,,,,,,,,,,
64,Osoby prywatnej,Osobowe,Tak,Tak,Saab,9-3,II (2003-2011),2004,240 000 km,1 998 cm3,Benzyna,175 KM,Manualna,Na przednie koła,Kabriolet,2,4,Srebrny,,,EL6FJ10,,Używane,15999,PLN,2004,240 000 km,Benzyna,Kabriolet,2.0T Vector,,11 l/100km,,09/07/2004,6.0 l/100km,203 g/km,,,,,,,,,,,,,,
65,Firmy,Osobowe,Tak,Tak,Saab,9-5,,1999,254 399 km,2 290 cm3,Benzyna,230 KM,Manualna,Na przednie koła,Sedan,4,5,Srebrny,Metalik,Szwecja,TBU15420,Tak,Używane,11700,PLN,1999,254 399 km,Benzyna,Sedan,Aero 2.3 TS,,14 l/100km,Tak,23/12/1999,,219 g/km,Tak,,Tak,,,,,Tak,,,,,,
66,Firmy,Osobowe,Tak,,Saab,9-3,II (2003-2011),2008,198 000 km,1 998 cm3,Benzyna,150 KM,Manualna,Na przednie koła,Sedan,4,5,Biały,Metalik,Włochy,,,Używane,21900,PLN,2008,198 000 km,Benzyna,Sedan,,,,Tak,11/08/2008,,,Tak,,,,,Tak,,Tak,,,,,,
67,Osoby prywatnej,Osobowe,Tak,,Saab,9-5,,2005,280 000 km,1 985 cm3,Benzyna+LPG,150 KM,Manualna,Na przednie koła,Sedan,5,5,Szary,Metalik,Polska,,,Używane,12000,PLN,2005,280 000 km,Benzyna+LPG,Sedan,Kombi 2.0t Vector GE BioPower,,12 l/100km,,,,,Tak,,Tak,,,Tak,,,,,,,,
68,Firmy,Osobowe,Tak,,Saab,900,,1995,190 000 km,2 290 cm3,Benzyna,150 KM,Manualna,,Coupe,3,,Czarny,,Niemcy,,Tak,Używane,7900,PLN,1995,190 000 km,Benzyna,Coupe,Coupe 2.3 S,,13 l/100km,,,,,,,,,,,,,,,,,,
69,Osoby prywatnej,Osobowe,Tak,,Saab,900,,1989,180 000 km,1 985 cm3,Benzyna,185 KM,Automatyczna,,Kabriolet,2,4,Czarny,,Stany Zjednoczone,,Tak,Używane,77000,PLN,1989,180 000 km,Benzyna,Kabriolet,,,,,,,,Tak,,,,,,,,,Tak,,,,
70,Osoby prywatnej,Osobowe,Tak,Tak,Saab,9-3,I (1998-2002),2000,138 345 km,1 985 cm3,Benzyna,205 KM,Automatyczna,Na przednie koła,Kabriolet,2,4,Czarny,,Niemcy,DLU77786,,Używane,29499,PLN,2000,138 345 km,Benzyna,Kabriolet,,,,,06/03/2000,,,Tak,,Tak,,,,,,,,,,,
71,Osoby prywatnej,Osobowe,Tak,,Saab,9-3,I (1998-2002),2002,247 000 km,1 998 cm3,Benzyna+LPG,210 KM,Automatyczna,Na przednie koła,Coupe,4,5,Granatowy,Metalik,Belgia,,Tak,Używane,23800,PLN,2002,247 000 km,Benzyna+LPG,Coupe,,,,,05/05/2002,,,Tak,,,,,,,,,,Tak,,,
72,Osoby prywatnej,Osobowe,Tak,Tak,Saab,9-3,II (2003-2011),2005,208 000 km,1 910 cm3,Diesel,150 KM,Manualna,,Sedan,4,5,Czarny,Metalik,,SZA86842,Tak,Używane,7900,PLN,2005,208 000 km,Diesel,Sedan,,,,,20/01/2005,,,,,,,,,,,,,,,,
73,Osoby prywatnej,Osobowe,Tak,Tak,Saab,9-3,I (1998-2002),2001,234 700 km,1 985 cm3,Benzyna,205 KM,Manualna,Na przednie koła,Sedan,5,5,Niebieski,Metalik,,PO2FN43,Tak,Używane,8200,PLN,2001,234 700 km,Benzyna,Sedan,,,13 l/100km,,21/02/2001,7.0 l/100km,,Tak,,,,,,,,,,,,,
74,Osoby prywatnej,Osobowe,Tak,Tak,Saab,9-3,II (2003-2011),2006,178 145 km,1 998 cm3,Benzyna,150 KM,Manualna,Na przednie koła,Sedan,2,5,Granatowy,Metalik,Polska,WF2507H,Tak,Używane,19900,PLN,2006,178 145 km,Benzyna,Sedan,1.8t Linear,,11 l/100km,,13/02/2007,6.0 l/100km,206 g/km,Tak,,,,,,,,,,,,,
75,Osoby prywatnej,Osobowe,Tak,,Saab,9-3,II (2003-2011),2005,245 600 km,1 910 cm3,Diesel,150 KM,Manualna,Na przednie koła,Kombi,5,5,Beżowy,Perłowy,Francja,,Tak,Używane,8999,PLN,2005,245 600 km,Diesel,Kombi,1.9 TiD Sport Kombi DPF Vector,,"7,80 l/100km",,,,,,,,,,,,,,,,,,
76,Osoby prywatnej,Osobowe,Tak,Tak,Saab,9-3,II (2003-2011),2005,264 000 km,1 910 cm3,Diesel,150 KM,Manualna,,Sedan,5,5,Granatowy,Metalik,,WWL6593K,Tak,Używane,9500,PLN,2005,264 000 km,Diesel,Sedan,,,,,12/05/2005,,,,,,,,,,,,,,,,
77,Osoby prywatnej,Osobowe,Tak,,Saab,9-3,II (2003-2011),2005,310 000 km,1 910 cm3,Diesel,120 KM,Manualna,Na przednie koła,Kombi,5,,Czarny,,Niemcy,,,Używane,7250,PLN,2005,310 000 km,Diesel,Kombi,,,,,,,,,,,,,,,,,,,,,
78,Osoby prywatnej,Osobowe,Tak,Tak,Saab,9-5,,2007,258 000 km,1 985 cm3,Benzyna+LPG,150 KM,Manualna,Na przednie koła,Kombi,5,5,Inny kolor,,Dania,WWL 69007,Tak,Używane,12900,PLN,2007,258 000 km,Benzyna+LPG,Kombi,Kombi 2.0T Vector Sport,,12 l/100km,,12/12/2007,7.0 l/100km,,Tak,,,,,,,,,,,,,
79,Osoby prywatnej,Osobowe,Tak,,Saab,9-3,II (2003-2011),2003,208 000 km,1 985 cm3,Benzyna,150 KM,Manualna,Na przednie koła,Kabriolet,5,5,Srebrny,Metalik,Niemcy,,Tak,Używane,17900,PLN,2003,208 000 km,Benzyna,Kabriolet,SE 2.0 LPT,,12 l/100km,,,6.0 l/100km,,Tak,,Tak,,,,,,,,,,,
80,Osoby prywatnej,Osobowe,Tak,Tak,Saab,9-3,II (2003-2011),2004,181 000 km,1 796 cm3,Benzyna+LPG,122 KM,Manualna,Na przednie koła,Sedan,5,5,Szary,,Norwegia,CT1081S,Tak,Używane,10500,PLN,2004,181 000 km,Benzyna+LPG,Sedan,1.8i Linear,,10 l/100km,,06/09/2004,6.0 l/100km,,Tak,,,,,,,,,,,,,
81,Osoby prywatnej,Osobowe,Tak,,Saab,9-3,II (2003-2011),2004,280 000 km,1 910 cm3,Diesel,120 KM,Manualna,Na przednie koła,Sedan,5,5,Granatowy,,,,Tak,Używane,6400,PLN,2004,280 000 km,Diesel,Sedan,,,,,,,,,Tak,,,,,,,,,,,,
82,Osoby prywatnej,Osobowe,Tak,Tak,Saab,9-3,II (2003-2011),2010,333 920 km,1 910 cm3,Diesel,160 KM,Manualna,Na przednie koła,Kombi,5,5,Szary,,,GD 621JM,Tak,Używane,9500,PLN,2010,333 920 km,Diesel,Kombi,,,,,17/12/2010,,,,Tak,,,,,,,,,,,,
83,Firmy,Osobowe,Tak,,Saab,9-3,II (2003-2011),2010,220 000 km,1 796 cm3,Benzyna,122 KM,Manualna,Na przednie koła,Kombi,5,5,Szary,Metalik,Belgia,,,Używane,24900,PLN,2010,220 000 km,Benzyna,Kombi,1.8i Linear,,10 l/100km,,,,,,,,,,,,,,,,,,
84,Firmy,Osobowe,Tak,,Saab,9-5,,2010,220 000 km,1 956 cm3,Diesel,160 KM,Manualna,Na przednie koła,Sedan,4,5,Szary,Metalik,Belgia,,,Używane,32900,PLN,2010,220 000 km,Diesel,Sedan,2.0 TiD PF Vector,,6 l/100km,,,,143 g/km,,,,,,,,,,,,,,
85,Osoby prywatnej,Osobowe,Tak,Tak,Saab,9-3,II (2003-2011),2008,257 550 km,1 998 cm3,Benzyna,175 KM,Manualna,Na przednie koła,Kombi,5,5,Czarny,Metalik,,JDB608,Tak,Używane,15900,PLN,2008,257 550 km,Benzyna,Kombi,,,,,28/11/2008,,,Tak,,Tak,,,,,,,,,,,
86,Firmy,Osobowe,Tak,,Saab,9-3,,2009,220 123 km,1 910 cm3,Diesel,150 KM,Manualna,Na przednie koła,Kabriolet,2,4,Czarny,Metalik,Belgia,,Tak,Używane,28800,PLN,2009,220 123 km,Diesel,Kabriolet,,,,,,,,Tak,,Tak,,,,6 l/100km,Tak,,,,,,
87,Osoby prywatnej,Osobowe,Tak,,Saab,9-3,II (2003-2011),2006,292 000 km,1 910 cm3,Diesel,175 KM,Automatyczna,Na przednie koła,Sedan,4,5,Czarny,,Szwajcaria,,Tak,Używane,12500,PLN,2006,292 000 km,Diesel,Sedan,,,,,,,,Tak,,,,,,,,,,,,,
88,Firmy,Osobowe,Tak,,Saab,9-3,II (2003-2011),2009,270 000 km,1 910 cm3,Diesel,150 KM,Automatyczna,Na przednie koła,Sedan,4,5,Czarny,Metalik,,,Tak,Używane,19900,PLN,2009,270 000 km,Diesel,Sedan,1.9 TiD DPF Linear,,"9,40 l/100km",Tak,,,,Tak,,Tak,,Tak,Tak,,,,,,,,
89,Firmy,Osobowe,Tak,,Saab,9000,,1992,248 000 km,2 290 cm3,Benzyna,200 KM,Automatyczna,,Sedan,5,5,Bordowy,,,,,Używane,9900,PLN,1992,248 000 km,Benzyna,Sedan,CSE 2.3 T,,17 l/100km,,,,,,Tak,Tak,,,,,Tak,Tak,,,,,
90,Osoby prywatnej,Osobowe,Tak,Tak,Saab,9-3,II (2003-2011),2003,201 800 km,1 998 cm3,Benzyna,210 KM,Manualna,Na przednie koła,Kabriolet,2,4,Czarny,,Szwajcaria,LU505JS,Tak,Używane,23000,PLN,2003,201 800 km,Benzyna,Kabriolet,2.0T Cabrio Aero,,"10,90 l/100km",Tak,18/12/2003,,,,,,,,,,,,,,,,
91,Osoby prywatnej,Osobowe,Tak,Tak,Saab,9-3X,,2011,199 999 km,1 910 cm3,Diesel,180 KM,Manualna,Na przednie koła,Kombi,5,5,Biały,,Niemcy,TTID_180,Tak,Używane,34500,PLN,2011,199 999 km,Diesel,Kombi,1.9TTiD PF,,6 l/100km,,15/05/2011,,144 g/km,Tak,,Tak,,,,,,,,,,,
92,Firmy,Osobowe,Tak,,Saab,9-3,II (2003-2011),2009,278 000 km,1 910 cm3,Diesel,180 KM,Automatyczna,Na przednie koła,Kombi,5,5,Czarny,Perłowy,Szwajcaria,,,Używane,21500,PLN,2009,278 000 km,Diesel,Kombi,1.9 TTiD Sport Kombi DPF Aero Griffin,,"7,90 l/100km",Tak,09/03/2009,5.0 l/100km,159 g/km,Tak,,Tak,,Tak,,,,,,,,,
93,Osoby prywatnej,Osobowe,Tak,,Saab,9-5,,2006,232 000 km,1 985 cm3,Benzyna+LPG,150 KM,Manualna,,Kombi,5,5,Beżowy,,Polska,,Tak,Używane,11900,PLN,2006,232 000 km,Benzyna+LPG,Kombi,Kombi 2.0T Vector,,12 l/100km,,,,,,,,,,,,,,,,,,
94,Osoby prywatnej,Osobowe,Tak,Tak,Saab,9-3,II (2003-2011),2009,95 587 km,1 796 cm3,Benzyna,122 KM,Manualna,Na przednie koła,Sedan,4,5,Czarny,Metalik,Polska,DW1MS54,Tak,Używane,25000,PLN,2009,95 587 km,Benzyna,Sedan,1.8i Linear,,10 l/100km,,07/04/2009,,,,,,,,,,,,,,,,
95,Osoby prywatnej,Osobowe,Tak,Tak,Saab,9-3,II (2003-2011),2008,320 000 km,1 998 cm3,Benzyna+LPG,210 KM,Automatyczna,Na przednie koła,Sedan,4,5,Szary,Metalik,,wt94866,Tak,Używane,23500,PLN,2008,320 000 km,Benzyna+LPG,Sedan,2.0T Vector,,"13,70 l/100km",,01/01/2008,6.5 l/100km,218 g/km,,,,,,,,,,,,,,
96,Osoby prywatnej,Osobowe,Tak,Tak,Saab,9-3,I (1998-2002),2000,284 000 km,1 985 cm3,Benzyna,150 KM,Automatyczna,Na tylne koła,Auta miejskie,5,5,Czerwony,Metalik,Szwajcaria,zh123,,Używane,16700,PLN,2000,284 000 km,Benzyna,Auta miejskie,,,,,14/12/2000,,,Tak,,Tak,,,,,,,,,,,
97,Firmy,Osobowe,Tak,,Saab,900,,1992,140 000 km,1 985 cm3,Benzyna,145 KM,Manualna,Na przednie koła,Kompakt,5,5,Złoty,,,,,Używane,45900,PLN,1992,140 000 km,Benzyna,Kompakt,,,,,,,,,,Tak,,,,,,,,,,,
98,Osoby prywatnej,Osobowe,Tak,,Saab,9-3,II (2003-2011),2008,357 383 km,1 910 cm3,Diesel,120 KM,Manualna,,Kombi,5,5,Czarny,Metalik,Norwegia,,Tak,Używane,13900,PLN,2008,357 383 km,Diesel,Kombi,1.9 TiD Sport Kombi DPF Vector,,"7,30 l/100km",,,,,Tak,,,,Tak,,,,,,,,,
99,Firmy,Osobowe,Tak,Tak,Saab,9-3,II (2003-2011),2007,369 000 km,1 910 cm3,Diesel,150 KM,Manualna,Na przednie koła,Kombi,5,5,Inny kolor,Metalik,,DW 9SF36,Tak,Używane,8400,PLN,2007,369 000 km,Diesel,Kombi,,,,Tak,30/11/2007,,,,,,,,,,,,,,,,
100,Osoby prywatnej,Osobowe,Tak,Tak,Saab,9-5,,2010,282 000 km,1 956 cm3,Diesel,160 KM,Automatyczna,Na przednie koła,Sedan,4,5,Szary,Metalik,Dania,PO2CF53,Tak,Używane,44000,PLN,2010,282 000 km,Diesel,Sedan,2.0TiD Vector,,"8,60 l/100km",,06/08/2010,,,Tak,,Tak,,Tak,,,,,,Tak,,,
101,Osoby prywatnej,Osobowe,Tak,Tak,Saab,9-3,I (1998-2002),1999,238 954 km,2 290 cm3,Benzyna,230 KM,Manualna,Na przednie koła,Coupe,2,5,Błękitny,Perłowy,,LU4141M,Tak,Używane,62000,PLN,1999,238 954 km,Benzyna,Coupe,Viggen 2.3TS,,13 l/100km,,10/08/1999,,,Tak,,,,,,,,,,,,,
102,Osoby prywatnej,Osobowe,Tak,,Saab,9-3,II (2003-2011),2008,271 000 km,1 998 cm3,Benzyna,150 KM,Manualna,Na przednie koła,Kombi,5,5,Srebrny,Metalik,Szwecja,,,Używane,20490,PLN,2008,271 000 km,Benzyna,Kombi,1.8t Linear BioPower,,10 l/100km,,29/09/2008,,,Tak,,,,,,,,,,,,,
103,Firmy,Osobowe,Tak,,Saab,9-3,II (2003-2011),2007,220 263 km,1 910 cm3,Diesel,120 KM,Manualna,,Sedan,5,5,Czarny,,,,Tak,Używane,8500,PLN,2007,220 263 km,Diesel,Sedan,,,,Tak,05/07/2007,,,,,,,,,,,,,,,,
104,Firmy,Osobowe,Tak,,Saab,9-3,II (2003-2011),2005,321 553 km,1 910 cm3,Diesel,175 KM,Manualna,Na przednie koła,Kombi,5,5,Czarny,Metalik,,,Tak,Używane,12900,PLN,2005,321 553 km,Diesel,Kombi,,,"10,90 l/100km",Tak,,,,Tak,,Tak,,,,,,,,,,,
105,Osoby prywatnej,Osobowe,Tak,,Saab,9-3,II (2003-2011),2008,230 000 km,1 910 cm3,Diesel,150 KM,Manualna,Na przednie koła,Kabriolet,2,4,Czarny,Perłowy,Wielka Brytania,,,Używane,10000,PLN,2008,230 000 km,Diesel,Kabriolet,1.9 Cabriolet TiD DPF Linear,,"8,40 l/100km",,,5.1 l/100km,169 g/km,,,,Tak,Tak,,,,,,,,,
106,Osoby prywatnej,Osobowe,Tak,,Saab,9-5,,2006,353 007 km,2 171 cm3,Diesel,125 KM,Automatyczna,,Kombi,5,,Srebrny,,,,,Używane,6000,PLN,2006,353 007 km,Diesel,Kombi,,,,,,,,,,,,,,,,Tak,,,,,
107,Firmy,Osobowe,Tak,Tak,Saab,9-3,I (1998-2002),2000,302 490 km,1 985 cm3,Benzyna+LPG,154 KM,Automatyczna,Na przednie koła,Coupe,2,5,Srebrny,Metalik,Niemcy,ZSL14825,Tak,Używane,9898,PLN,2000,302 490 km,Benzyna+LPG,Coupe,,,,Tak,27/06/2000,,,,,,,,,,,,,,,,
108,Firmy,Osobowe,Tak,Tak,Saab,9-3,II (2003-2011),2009,274 641 km,1 998 cm3,Benzyna,175 KM,Automatyczna,Na przednie koła,Kombi,5,5,Czarny,Metalik,Szwecja,WPL83593,Tak,Używane,23500,PLN,2009,274 641 km,Benzyna,Kombi,2.0T Sport-Kombi Vector,,"13,30 l/100km",Tak,17/07/2009,,,,,Tak,,,,,Tak,,,,,,
109,Firmy,Osobowe,Tak,,Saab,9-5,,1975,61 500 km,1 500 cm3,Benzyna,65 KM,Manualna,Na przednie koła,Kombi,3,,Inny kolor,,,,,Używane,44900,PLN,1975,61 500 km,Benzyna,Kombi,,,,,,,,,,,,,,,,,,,,,
110,Osoby prywatnej,Osobowe,Tak,Tak,Saab,9-3,I (1998-2002),2001,188 400 km,1 985 cm3,Benzyna+LPG,185 KM,Manualna,Na przednie koła,Kabriolet,3,4,Czarny,Metalik,Francja,PZ794RG,Tak,Używane,15500,PLN,2001,188 400 km,Benzyna+LPG,Kabriolet,SE 2.0T,,14 l/100km,,24/06/2001,7.0 l/100km,,,,,,,,,,,,,,,
111,Osoby prywatnej,Osobowe,Tak,Tak,Saab,9-3,II (2003-2011),2009,266 800 km,1 910 cm3,Diesel,180 KM,Automatyczna,Na przednie koła,Kabriolet,2,4,Czarny,,Włochy,WT1901E,Tak,Używane,35700,PLN,2009,266 800 km,Diesel,Kabriolet,1.9 TTiD Cabriolet DPF Aero,,8 l/100km,,10/09/2009,5.0 l/100km,162 g/km,,,Tak,,,,,,,,,,,
112,Osoby prywatnej,Osobowe,Tak,Tak,Saab,9-5,,2007,333 614 km,1 910 cm3,Diesel,150 KM,Automatyczna,Na przednie koła,Sedan,4,5,Granatowy,,Holandia,WPIME58,Tak,Używane,11500,PLN,2007,333 614 km,Diesel,Sedan,1.9 TiD Vector Griffin Edition,,"10,20 l/100km",,02/03/2007,5.7 l/100km,199 g/km,Tak,,Tak,,,,,,,,,,,
113,Osoby prywatnej,Osobowe,Tak,Tak,Saab,9-3,II (2003-2011),2007,232 000 km,1 910 cm3,Diesel,150 KM,Manualna,Na przednie koła,Sedan,4,5,Czarny,,Francja,RZ3325K,Tak,Używane,9800,PLN,2007,232 000 km,Diesel,Sedan,1.9TiDS Linear,,7 l/100km,,06/12/2007,,,Tak,,,,,,,,,,,,,
114,Firmy,Osobowe,Tak,,Saab,9-3,II (2003-2011),2006,238 000 km,1 998 cm3,Benzyna,210 KM,Automatyczna,Na przednie koła,Sedan,4,5,Czarny,Metalik,,,,Używane,19900,PLN,2006,238 000 km,Benzyna,Sedan,2.0T Aero,,"12,90 l/100km",Tak,17/05/2006,6.2 l/100km,198 g/km,Tak,,Tak,,,,,Tak,Tak,,,,,
115,Osoby prywatnej,Osobowe,Tak,Tak,Saab,9-3,II (2003-2011),2005,262 420 km,1 910 cm3,Diesel,120 KM,Manualna,Na przednie koła,Sedan,4,5,Srebrny,,Belgia,WD0186P,Tak,Używane,11500,PLN,2005,262 420 km,Diesel,Sedan,1.9TiD Linear Sport,,7 l/100km,,17/06/2005,4.0 l/100km,,,,,,,,,,,,,,,
116,Osoby prywatnej,Osobowe,Tak,Tak,Saab,9-5,,2004,311 506 km,2 171 cm3,Diesel,120 KM,Automatyczna,,Kombi,5,5,Srebrny,Metalik,,BIA52YF,Tak,Używane,6000,PLN,2004,311 506 km,Diesel,Kombi,,,,Tak,27/11/2006,,,,,,,,,,,,,,,,
117,Osoby prywatnej,Osobowe,Tak,Tak,Saab,9-3,I (1998-2002),2001,108 000 km,1 985 cm3,Benzyna,150 KM,Manualna,Na przednie koła,Kabriolet,2,4,Srebrny,,,KR4W956,Tak,Używane,9000,PLN,2001,108 000 km,Benzyna,Kabriolet,2.0LPT,,12 l/100km,,,,,,,,,,,,,,,,,,
118,Osoby prywatnej,Osobowe,Tak,,Saab,9-5,,2011,110 000 km,2 792 cm3,Benzyna,300 KM,Automatyczna,4x4 (stały),Sedan,4,,Czarny,,,,Tak,Używane,75000,PLN,2011,110 000 km,Benzyna,Sedan,2.8 Turbo Aero XWD,,16 l/100km,,,,,,,,,,,,,,,,,,
119,Firmy,Osobowe,Tak,,Saab,9-3,II (2003-2011),2008,265 203 km,1 910 cm3,Diesel,120 KM,Manualna,Na przednie koła,Kombi,5,5,Czarny,Metalik,Belgia,,,Używane,15900,PLN,2008,265 203 km,Diesel,Kombi,,,,Tak,11/09/2009,,,Tak,,Tak,,,Tak,,Tak,,,,Tak,3 miesięcy,
120,Firmy,Osobowe,Tak,Tak,Saab,9-3,II (2003-2011),2008,187 324 km,1 910 cm3,Diesel,180 KM,Automatyczna,Na przednie koła,Kabriolet,2,4,Szary,Metalik,,WW373TE,Tak,Używane,59900,PLN,2008,187 324 km,Diesel,Kabriolet,,,,,25/04/2008,,,Tak,,Tak,,,,,Tak,Tak,,,,,
121,Osoby prywatnej,Osobowe,Tak,,Saab,9-3,II (2003-2011),2004,319 700 km,1 998 cm3,Benzyna,175 KM,Manualna,Na przednie koła,Sedan,2,5,Srebrny,,,,,Używane,11000,PLN,2004,319 700 km,Benzyna,Sedan,,,,,28/05/2004,,,,,,,,,,,,,,,,
122,Firmy,Osobowe,Tak,,Saab,9-5,,2007,246 983 km,1 985 cm3,Benzyna,150 KM,Manualna,Na przednie koła,Kombi,5,5,Szary,Metalik,Niemcy,,,Używane,9999,PLN,2007,246 983 km,Benzyna,Kombi,Kombi 2.0t Linear GE BioPower,,12 l/100km,Tak,,,,Tak,,,,,,,,,,,,,
123,Osoby prywatnej,Osobowe,Tak,,Saab,9-3,II (2003-2011),2008,217 000 km,1 796 cm3,Benzyna+LPG,122 KM,Manualna,Na przednie koła,Kombi,5,5,Szary,Perłowy,Belgia,,,Używane,25555,PLN,2008,217 000 km,Benzyna+LPG,Kombi,1.8i Linear,,10 l/100km,,,,,,,Tak,,,,,,,,,,,
124,Firmy,Osobowe,Tak,,Saab,9-3,II (2003-2011),2004,230 000 km,1 998 cm3,Benzyna,150 KM,Manualna,Na przednie koła,Sedan,5,5,Inny kolor,Metalik,,,,Używane,8900,PLN,2004,230 000 km,Benzyna,Sedan,1.8t Linear,,11 l/100km,Tak,,,,Tak,,,,,,,Tak,,,,,,
125,Firmy,Osobowe,Tak,,Saab,9-3,II (2003-2011),2006,247 000 km,1 910 cm3,Diesel,120 KM,Automatyczna,Na przednie koła,Kombi,5,5,Szary,Metalik,Włochy,,,Używane,12999,PLN,2006,247 000 km,Diesel,Kombi,,,,Tak,28/07/2006,,,Tak,,,,,,,Tak,,,,,,
126,Osoby prywatnej,Osobowe,Tak,Tak,Saab,9-3,II (2003-2011),2009,382 000 km,1 910 cm3,Diesel,180 KM,Manualna,Na przednie koła,Kombi,5,5,Szary,Metalik,,DBL 9E92,Tak,Używane,13900,PLN,2009,382 000 km,Diesel,Kombi,1.9TTiD PF Aero,,6 l/100km,Tak,29/10/2009,4.0 l/100km,135 g/km,,,,,,,,,,,,,,
127,Osoby prywatnej,Osobowe,Tak,,Saab,9-3,II (2003-2011),2007,315 000 km,1 910 cm3,Diesel,150 KM,Automatyczna,Na przednie koła,Sedan,4,5,Czarny,Metalik,,,,Używane,16900,PLN,2007,315 000 km,Diesel,Sedan,1.9 TiD DPF Vector,,"9,40 l/100km",,17/03/2008,5.0 l/100km,177 g/km,Tak,,Tak,,Tak,,,,,,,,,
128,Osoby prywatnej,Osobowe,Tak,Tak,Saab,900,,1984,341 500 km,1 985 cm3,Benzyna,99 KM,Manualna,Na przednie koła,Coupe,3,,Niebieski,,Szwecja,ZGL71229,Tak,Używane,24900,PLN,1984,341 500 km,Benzyna,Coupe,2.0 C,,,,06/04/1984,,,Tak,,,,,,,,,,,,,
129,Osoby prywatnej,Osobowe,Tak,,Saab,9-3,II (2003-2011),2005,272 769 km,1 998 cm3,Benzyna,150 KM,Manualna,Na przednie koła,Sedan,5,5,Beżowy,Perłowy,,,,Używane,14900,PLN,2005,272 769 km,Benzyna,Sedan,,,"5,30 l/100km",,,,,,,Tak,,Tak,,,,,,,,,
130,Osoby prywatnej,Osobowe,Tak,Tak,Saab,9-5,,2011,168 500 km,1 998 cm3,Benzyna,220 KM,Automatyczna,Na przednie koła,Sedan,4,5,Brązowy,,Stany Zjednoczone,CB220FP,Tak,Używane,33000,PLN,2011,168 500 km,Benzyna,Sedan,,,,,01/01/2011,,,,,,,,,,,,,,,,
131,Firmy,Osobowe,Tak,,Saab,9-3,II (2003-2011),2008,163 000 km,1 910 cm3,Diesel,180 KM,Automatyczna,Na przednie koła,Kombi,5,5,Czarny,,,,,Używane,18800,PLN,2008,163 000 km,Diesel,Kombi,,,,Tak,,,,,,,,,,,,,,,,,
132,Osoby prywatnej,Osobowe,Tak,,Saab,9-3,II (2003-2011),2003,240 000 km,1 998 cm3,Benzyna,210 KM,Manualna,Na przednie koła,Kabriolet,2,4,Czarny,,Wielka Brytania,,,Używane,10900,PLN,2003,240 000 km,Benzyna,Kabriolet,2.0T Aero,,11 l/100km,,,6.0 l/100km,,Tak,,,Tak,,,,,,,,,,
133,Osoby prywatnej,Osobowe,Tak,Tak,Saab,9-3,II (2003-2011),2009,183 527 km,1 796 cm3,Benzyna,122 KM,Manualna,Na przednie koła,Kombi,5,5,Srebrny,Metalik,Szwajcaria,WPI3442J,Tak,Używane,22878,PLN,2009,183 527 km,Benzyna,Kombi,1.8i Sport-Kombi Linear,,"10,50 l/100km",,01/07/2009,,,Tak,,Tak,,,,,,,,,,,
134,Osoby prywatnej,Osobowe,Tak,Tak,Saab,9-3,II (2003-2011),2007,336 000 km,1 910 cm3,Diesel,120 KM,Manualna,Na przednie koła,Kombi,5,5,Szary,Metalik,Szwecja,WMA40249,,Używane,5900,PLN,2007,336 000 km,Diesel,Kombi,1.9 TiD Sport Kombi DPF Vector,,"7,30 l/100km",Tak,19/03/2007,,,,,,,Tak,,,,,,,,,
135,Osoby prywatnej,Osobowe,Tak,,Saab,9-5,,2006,340 000 km,1 910 cm3,Diesel,150 KM,Manualna,,Sedan,4,5,Szary,,,,,Używane,12900,PLN,2006,340 000 km,Diesel,Sedan,1.9 TiDPF Vector,,8 l/100km,,,,,,,,,,,,,,,,,,
136,Firmy,Osobowe,Tak,,Saab,9-3,II (2003-2011),2011,269 000 km,1 910 cm3,Diesel,180 KM,Manualna,Na przednie koła,Sedan,4,5,Srebrny,Metalik,Szwecja,,Tak,Używane,27999,PLN,2011,269 000 km,Diesel,Sedan,1.9TTiD PF Vector Euro5,,6 l/100km,Tak,17/01/2011,,,Tak,,Tak,,,Tak,,,,,,,,
137,Osoby prywatnej,Osobowe,Tak,Tak,Saab,9-3,I (1998-2002),1998,253 000 km,2 290 cm3,Benzyna+LPG,150 KM,Manualna,Na przednie koła,Kabriolet,2,5,Bordowy,Metalik,Holandia,BAU19858,Tak,Używane,17800,PLN,1998,253 000 km,Benzyna+LPG,Kabriolet,,,,,16/09/1998,,,,,,,,,,,,,,,,
138,Osoby prywatnej,Osobowe,Tak,Tak,Saab,900,,1992,267 000 km,1 985 cm3,Benzyna,145 KM,Manualna,Na przednie koła,Coupe,5,5,Złoty,,Szwajcaria,WX 92635,Tak,Używane,22500,PLN,1992,267 000 km,Benzyna,Coupe,,,,,21/02/1992,,,Tak,,,,,,,,,,,,,
139,Osoby prywatnej,Osobowe,Tak,,Saab,9-3,II (2003-2011),2005,265 000 km,1 998 cm3,Benzyna,150 KM,Manualna,Na przednie koła,Sedan,4,5,Czarny,Metalik,,,Tak,Używane,12900,PLN,2005,265 000 km,Benzyna,Sedan,1.8t Vector,,10 l/100km,Tak,,,,Tak,,Tak,,,,,,,,,,,
140,Osoby prywatnej,Osobowe,Tak,,Saab,9-5,,2000,310 000 km,2 290 cm3,Benzyna+LPG,185 KM,Manualna,Na przednie koła,Kombi,5,5,Inny kolor,,,,,Używane,6800,PLN,2000,310 000 km,Benzyna+LPG,Kombi,Kombi S 2.3 LPT,,13 l/100km,,,7.0 l/100km,,,,,,,,,,,,,,,
141,Firmy,Osobowe,Tak,,Saab,9-3,I (1998-2002),2001,297 000 km,1 985 cm3,Benzyna,150 KM,Manualna,Na przednie koła,Sedan,5,5,Beżowy,Metalik,Niemcy,,,Używane,14900,PLN,2001,297 000 km,Benzyna,Sedan,SE 2.0 LPT,,12 l/100km,Tak,31/05/2002,6.0 l/100km,,Tak,,Tak,,,,,Tak,,,,,1 miesięcy,
142,Osoby prywatnej,Osobowe,Tak,,Saab,9-3,I (1998-2002),2001,180 000 km,1 985 cm3,Benzyna,150 KM,Manualna,,Kabriolet,2,5,Srebrny,,,,,Używane,12900,PLN,2001,180 000 km,Benzyna,Kabriolet,SE 2.0T,YS3DF75CX17018390,,,,,,,,,,,,,,,,,,,
143,Osoby prywatnej,Osobowe,Tak,Tak,Saab,9-3,II (2003-2011),2006,237 153 km,1 910 cm3,Diesel,150 KM,Manualna,Na przednie koła,Kombi,5,5,Czarny,Perłowy,Niemcy,KRA78484,Tak,Używane,13400,PLN,2006,237 153 km,Diesel,Kombi,1.9 TiD Sport Kombi DPF Vector,,"7,80 l/100km",,31/05/2006,4.8 l/100km,159 g/km,,,,,Tak,,,,,,,,,
144,Osoby prywatnej,Osobowe,Tak,,Saab,9-3,II (2003-2011),2006,138 200 km,1 988 cm3,Benzyna,150 KM,Manualna,Na przednie koła,Sedan,5,5,Beżowy,Metalik,,,,Używane,17990,PLN,2006,138 200 km,Benzyna,Sedan,1.8t Linear Sport,,11 l/100km,,,,,Tak,,Tak,,,,,,,,,,,
145,Osoby prywatnej,Osobowe,Tak,,Saab,9-5,,2007,330 674 km,1 910 cm3,Diesel,150 KM,Manualna,Na przednie koła,Kombi,5,5,Czarny,Metalik,Belgia,,Tak,Używane,3500,PLN,2007,330 674 km,Diesel,Kombi,Kombi 1.9 TiDPF Arc,,9 l/100km,,,5.5 l/100km,,,Tak,,,Tak,,7 l/100km,,,,,,,
146,Osoby prywatnej,Osobowe,Tak,,Saab,9-3,II (2003-2011),2005,195 600 km,1 998 cm3,Benzyna,150 KM,Manualna,,Kabriolet,2,4,Czarny,,,,,Używane,19999,PLN,2005,195 600 km,Benzyna,Kabriolet,1.8t Cabrio Vector,YS3FF75F456002250,"10,70 l/100km",,,,,,,,,,,,,,,,,,
147,Firmy,Osobowe,Tak,,Saab,9-3,II (2003-2011),2008,228 000 km,1 910 cm3,Diesel,150 KM,Automatyczna,Na przednie koła,Kombi,5,5,Szary,Metalik,,,,Używane,17900,PLN,2008,228 000 km,Diesel,Kombi,1.9 TiD Sport Kombi DPF,,"9,50 l/100km",Tak,,,,Tak,,Tak,,,Tak,,,,,,,,
148,Osoby prywatnej,Osobowe,Tak,Tak,Saab,9-3,II (2003-2011),2007,123 000 km,1 998 cm3,Benzyna,150 KM,Manualna,Na przednie koła,Kabriolet,2,4,Błękitny,Metalik,Niemcy,PP1002N,Tak,Używane,27900,PLN,2007,123 000 km,Benzyna,Kabriolet,,,,,01/01/2017,,,,,Tak,,,,,,,,,,,
149,Firmy,Osobowe,Tak,,Saab,9-3,II (2003-2011),2008,278 520 km,1 910 cm3,Diesel,120 KM,Manualna,Na przednie koła,Kombi,5,5,Czarny,Metalik,Belgia,,,Używane,16999,PLN,2008,278 520 km,Diesel,Kombi,1.9 TiD Sport Kombi DPF Linear,,"7,30 l/100km",Tak,,4.5 l/100km,149 g/km,Tak,,Tak,,Tak,,,,,,,,,
150,Osoby prywatnej,Osobowe,Tak,Tak,Saab,9-3,II (2003-2011),2010,250 162 km,1 910 cm3,Diesel,180 KM,Manualna,,Kombi,5,5,Czarny,Metalik,,DW9KE73,,Używane,10000,PLN,2010,250 162 km,Diesel,Kombi,,,,,16/02/2010,,,,Tak,,,,,,,,,,,,
151,Osoby prywatnej,Osobowe,Tak,,Saab,9-3,II (2003-2011),2007,203 000 km,1 910 cm3,Diesel,150 KM,Manualna,Na przednie koła,Sedan,5,5,Czarny,Perłowy,Polska,,Tak,Używane,18500,PLN,2007,203 000 km,Diesel,Sedan,,,7 l/100km,,,4.0 l/100km,159 g/km,Tak,,,,,,,,,,Tak,,,
152,Osoby prywatnej,Osobowe,Tak,Tak,Saab,9-3,II (2003-2011),2009,235 000 km,1 910 cm3,Diesel,180 KM,Automatyczna,Na przednie koła,Kabriolet,2,4,Szary,Metalik,Polska,GA7261V,Tak,Używane,52000,PLN,2009,235 000 km,Diesel,Kabriolet,,,,,23/12/2009,,,Tak,,Tak,,,Tak,,,,,,,,
153,Osoby prywatnej,Osobowe,Tak,Tak,Saab,9-3,II (2003-2011),2006,380 000 km,1 910 cm3,Diesel,150 KM,Manualna,Na przednie koła,Sedan,4,5,Szary,Metalik,,KCH 21G3,Tak,Używane,10900,PLN,2006,380 000 km,Diesel,Sedan,1.9TiDS Linear Sport,,7 l/100km,,18/07/2006,4.0 l/100km,,Tak,,,,,,,,,,,,,
154,Osoby prywatnej,Osobowe,Tak,,Saab,9-3X,,2009,196 000 km,1 998 cm3,Benzyna,210 KM,Manualna,4x4 (stały),Kombi,5,5,Srebrny,,,,Tak,Używane,29000,PLN,2009,196 000 km,Benzyna,Kombi,2.0T XWD,,11 l/100km,,,6.0 l/100km,194 g/km,,,,,,,,,,,,,,
155,Osoby prywatnej,Osobowe,Tak,,Saab,9-3,II (2003-2011),2007,280 653 km,1 998 cm3,Benzyna,175 KM,Manualna,,Sedan,5,5,Czarny,,,,,Używane,15900,PLN,2007,280 653 km,Benzyna,Sedan,2.0T Vector,,11 l/100km,,,,,,,,,,,,,,,,,,
156,Osoby prywatnej,Osobowe,Tak,,Saab,9-3,II (2003-2011),2008,293 800 km,1 910 cm3,Diesel,150 KM,Automatyczna,Na przednie koła,Sedan,5,5,Srebrny,,,,Tak,Używane,17700,PLN,2008,293 800 km,Diesel,Sedan,,,8 l/100km,,,6 l/100km,,,,,,Tak,,7 l/100km,,,,,,,
157,Osoby prywatnej,Osobowe,Tak,,Saab,9-3,II (2003-2011),2006,418 000 km,1 910 cm3,Diesel,120 KM,Manualna,Na przednie koła,Sedan,4,5,Szary,Metalik,,,Tak,Używane,8900,PLN,2006,418 000 km,Diesel,Sedan,1.9TiD Linear,,,,,,,,,,,,,,,,,,,,
158,Osoby prywatnej,Osobowe,Tak,,Saab,9-3,II (2003-2011),2006,156 000 km,1 910 cm3,Diesel,150 KM,Manualna,Na przednie koła,Kabriolet,2,4,Inny kolor,Metalik,Belgia,,Tak,Używane,24900,PLN,2006,156 000 km,Diesel,Kabriolet,1.9TiDS PF Vector,,8 l/100km,,03/07/2006,,157 g/km,,,,,,,,,,,,,,
159,Osoby prywatnej,Osobowe,Tak,,Saab,9-3,II (2003-2011),2007,279 000 km,1 796 cm3,Benzyna+LPG,122 KM,Manualna,,Kombi,5,5,Czarny,Metalik,Holandia,,Tak,Używane,11900,PLN,2007,279 000 km,Benzyna+LPG,Kombi,1.8i Linear,,10 l/100km,,,,,Tak,,,,,Tak,,,,,,,,
160,Osoby prywatnej,Osobowe,Tak,,Saab,9-3,,2003,220 000 km,1 998 cm3,Benzyna+LPG,150 KM,Manualna,Na przednie koła,Sedan,2,5,Brązowy,Metalik,,,Tak,Używane,11999,PLN,2003,220 000 km,Benzyna+LPG,Sedan,,,,,,,,Tak,,,,,,,,,,Tak,,,
161,Firmy,Osobowe,Tak,Tak,Saab,9-3X,,2008,248 000 km,2 792 cm3,Benzyna,280 KM,Manualna,4x4 (stały),Kombi,5,5,Czarny,Metalik,Szwecja,WN 5266P,Tak,Używane,44500,PLN,2008,248 000 km,Benzyna,Kombi,,,,Tak,30/05/2008,,,Tak,,Tak,,,,,Tak,,,,,,
162,Osoby prywatnej,Osobowe,Tak,Tak,Saab,9-5,,2004,298 619 km,2 290 cm3,Benzyna+LPG,185 KM,Automatyczna,Na przednie koła,Kombi,5,5,Szary,Metalik,,TSK 21631,Tak,Używane,9000,PLN,2004,298 619 km,Benzyna+LPG,Kombi,,,,,20/07/2004,,,,,,,,,,,,,,,,
163,Osoby prywatnej,Osobowe,Tak,Tak,Saab,9-3,II (2003-2011),2006,263 000 km,1 796 cm3,Benzyna,122 KM,Manualna,Na przednie koła,Kombi,5,5,Czarny,Perłowy,,ERW17V9,,Używane,9500,PLN,2006,263 000 km,Benzyna,Kombi,1.8i Sport-Kombi Linear,,"10,50 l/100km",,11/01/2021,,,,,,,,,,,,,,,,
164,Firmy,Osobowe,Tak,,Saab,9-3,II (2003-2011),2006,228 000 km,1 910 cm3,Diesel,150 KM,Manualna,Na przednie koła,Kabriolet,2,5,Czarny,Metalik,Belgia,,Tak,Używane,20500,PLN,2006,228 000 km,Diesel,Kabriolet,1.9 Cabriolet TiD DPF Linear,,"8,40 l/100km",Tak,,,,Tak,,Tak,,Tak,Tak,,Tak,,,,,,
165,Firmy,Osobowe,Tak,Tak,Saab,9-3,II (2003-2011),2005,246 000 km,2 792 cm3,Benzyna,250 KM,Manualna,Na przednie koła,Sedan,5,5,Czarny,Metalik,,LU11685,,Używane,18900,PLN,2005,246 000 km,Benzyna,Sedan,2.8TS Aero Anniversary,,,,21/10/2005,,,Tak,,Tak,,,Tak,,Tak,Tak,,,,,
166,Osoby prywatnej,Osobowe,Tak,Tak,Saab,900,,1997,168 000 km,2 290 cm3,Benzyna,150 KM,Manualna,Na przednie koła,Kabriolet,2,4,Granatowy,Metalik,,EKUNJ35,Tak,Używane,15500,PLN,1997,168 000 km,Benzyna,Kabriolet,Cabriolet 2.3 SE,,13 l/100km,,05/11/1997,7.0 l/100km,,Tak,,,,,,,,,,,,,
167,Osoby prywatnej,Osobowe,Tak,,Saab,9-3X,,2010,220 000 km,1 910 cm3,Diesel,180 KM,Manualna,,Kombi,5,5,Brązowy,Metalik,,,,Używane,31500,PLN,2010,220 000 km,Diesel,Kombi,1.9TTiD PF FWD,,7 l/100km,,,,,,,,,,,,,,,,,,
168,Firmy,Osobowe,Tak,,Saab,9-3,I (1998-2002),2002,290 000 km,1 985 cm3,Benzyna,150 KM,Manualna,Na przednie koła,Kabriolet,2,4,Niebieski,,,,Tak,Używane,14500,PLN,2002,290 000 km,Benzyna,Kabriolet,,,,Tak,,,,Tak,,,,,,,,,,,,,
169,Firmy,Osobowe,Tak,Tak,Saab,900,,1997,236 000 km,2 290 cm3,Benzyna,150 KM,Manualna,Na przednie koła,Kompakt,5,5,Srebrny,Metalik,,WZ 46383,Tak,Używane,6900,PLN,1997,236 000 km,Benzyna,Kompakt,2.3 S,,,Tak,03/11/1997,,,Tak,,,,,,,,,,,,,
170,Osoby prywatnej,Osobowe,Tak,,Saab,9-3,II (2003-2011),2008,344 000 km,1 910 cm3,Diesel,180 KM,Manualna,Na przednie koła,Sedan,5,5,Srebrny,Metalik,,,Tak,Używane,20500,PLN,2008,344 000 km,Diesel,Sedan,1.9TTiD PF Aero,,6 l/100km,,,,,,,,,,,,,,,,,,
171,Osoby prywatnej,Osobowe,Tak,,Saab,9-3,I (1998-2002),2002,271 000 km,1 985 cm3,Benzyna,205 KM,Manualna,,Kompakt,3,4,Zielony,Metalik,,,,Używane,15000,PLN,2002,271 000 km,Benzyna,Kompakt,Aero 2.0 TS,,13 l/100km,,,,,,,,,,,,,,,,,,
172,Osoby prywatnej,Osobowe,Tak,,Saab,9-3,II (2003-2011),2007,311 000 km,1 910 cm3,Diesel,150 KM,Manualna,Na przednie koła,Kombi,5,5,Czarny,Perłowy,Belgia,,,Używane,12999,PLN,2007,311 000 km,Diesel,Kombi,1.9TiDS PF Vector,,7 l/100km,,,4.0 l/100km,159 g/km,Tak,,Tak,,,,,,,,,,,
173,Osoby prywatnej,Osobowe,Tak,Tak,Saab,9-3,II (2003-2011),2007,208 031 km,1 910 cm3,Diesel,150 KM,Automatyczna,Na przednie koła,Kabriolet,2,4,Granatowy,Metalik,,PZ547SE,,Używane,29900,PLN,2007,208 031 km,Diesel,Kabriolet,1.9 Cabriolet TiD DPF Vector,,"9,30 l/100km",,28/01/2008,5.4 l/100km,189 g/km,,,,,Tak,,,,,,,,,
174,Firmy,Osobowe,Tak,,Saab,9-5,,2009,209 666 km,1 910 cm3,Diesel,150 KM,Manualna,Na przednie koła,Kombi,5,5,Czarny,Metalik,Niemcy,,Tak,Używane,16999,PLN,2009,209 666 km,Diesel,Kombi,Kombi 1.9 TiDPF Linear Sport,,9 l/100km,Tak,,5.0 l/100km,184 g/km,,,,,Tak,,,Tak,,,,Tak,,
175,Osoby prywatnej,Osobowe,Tak,Tak,Saab,9-3,II (2003-2011),2006,220 000 km,2 792 cm3,Benzyna,250 KM,Automatyczna,Na przednie koła,Sedan,5,5,Beżowy,Metalik,Szwajcaria,KBR9WV5,Tak,Używane,26500,PLN,2006,220 000 km,Benzyna,Sedan,,,,,28/09/2006,,,Tak,,,,,,,,,,,,,
176,Osoby prywatnej,Osobowe,Tak,Tak,Saab,900,,1984,324 000 km,1 985 cm3,Benzyna,175 KM,Manualna,Na przednie koła,Coupe,2,5,Niebieski,Metalik,Niemcy,DW9K750,,Używane,25000,PLN,1984,324 000 km,Benzyna,Coupe,Cabriolet 2.0-16 Turbo S,,,,17/04/1984,,,,,,,,,,,,,,,,
177,Osoby prywatnej,Osobowe,Tak,,Saab,9-5,,2006,486 500 km,1 910 cm3,Diesel,150 KM,Automatyczna,,Kombi,5,,Srebrny,,,,,Używane,5000,PLN,2006,486 500 km,Diesel,Kombi,,,"10,40 l/100km",,,,,,,,,Tak,,,,,,,,,
178,Osoby prywatnej,Osobowe,Tak,Tak,Saab,9-3,II (2003-2011),2003,235 421 km,1 998 cm3,Benzyna+LPG,175 KM,Manualna,Na przednie koła,Sedan,5,5,Granatowy,Metalik,Szwecja,LOP42993,Tak,Używane,12800,PLN,2003,235 421 km,Benzyna+LPG,Sedan,2.0T Vector,,,,11/04/2003,,,,,,,,,,,,,,,,
179,Osoby prywatnej,Osobowe,Tak,,Saab,9-3,II (2003-2011),2010,228 614 km,1 910 cm3,Diesel,150 KM,Manualna,,Kombi,5,,Srebrny,,,,,Używane,15999,PLN,2010,228 614 km,Diesel,Kombi,1.9 TiD Sport Kombi DPF Vector,,"7,80 l/100km",Tak,,,,,,,,,,,Tak,,,,,,
180,Osoby prywatnej,Osobowe,Tak,,Saab,9-3,II (2003-2011),2007,197 000 km,1 998 cm3,Benzyna,150 KM,Automatyczna,Na przednie koła,Kabriolet,2,4,Beżowy,,Niemcy,,,Używane,18700,PLN,2007,197 000 km,Benzyna,Kabriolet,,,"13,40 l/100km",,28/11/2007,7.6 l/100km,233 g/km,,,,,,,,,,,,,,
181,Osoby prywatnej,Osobowe,Tak,Tak,Saab,9-3,II (2003-2011),2009,217 083 km,1 910 cm3,Diesel,150 KM,Manualna,Na przednie koła,Kombi,5,5,Czarny,,Francja,KNT85xxx,Tak,Używane,21500,PLN,2009,217 083 km,Diesel,Kombi,1.9TiDS PF Vector,,7 l/100km,,05/10/2009,,,,,,,Tak,,,,,,,,,
182,Osoby prywatnej,Osobowe,Tak,Tak,Saab,9-3,II (2003-2011),2008,253 798 km,1 910 cm3,Diesel,120 KM,Manualna,Na przednie koła,Kombi,4,5,Niebieski,Metalik,Niemcy,CT3855J,Tak,Używane,13800,PLN,2008,253 798 km,Diesel,Kombi,1.9 TiD DPF Vector,,"7,20 l/100km",,30/09/2008,4.4 l/100km,147 g/km,,,,,Tak,,,,,,,,,
183,Firmy,Osobowe,Tak,Tak,Saab,9-5,,2008,250 000 km,1 910 cm3,Diesel,150 KM,Automatyczna,Na przednie koła,Sedan,4,5,Srebrny,Metalik,Francja,ZS229RP,Tak,Używane,21900,PLN,2008,250 000 km,Diesel,Sedan,1.9 TiD Linear Griffin Edition,,"10,20 l/100km",Tak,,,,Tak,,Tak,,,,,Tak,,,,,,
184,Osoby prywatnej,Osobowe,Tak,Tak,Saab,9-5,,2005,240 000 km,1 985 cm3,Benzyna+LPG,150 KM,Automatyczna,Na przednie koła,Sedan,4,5,Granatowy,Metalik,,zs905ft,,Używane,9900,PLN,2005,240 000 km,Benzyna+LPG,Sedan,2.0T Linear Griffin Edition,,"14,90 l/100km",,28/09/2005,7.6 l/100km,244 g/km,Tak,,,,,,,,,,,,,
185,Osoby prywatnej,Osobowe,Tak,Tak,Saab,900,,1997,257 000 km,1 985 cm3,Benzyna,185 KM,Manualna,Na przednie koła,Kompakt,5,5,Granatowy,Metalik,,SCZ82585,Tak,Używane,9800,PLN,1997,257 000 km,Benzyna,Kompakt,2.0 SE Turbo,,,,03/06/1997,7.0 l/100km,,Tak,,,,,,,,,,,,,
186,Osoby prywatnej,Osobowe,Tak,Tak,Saab,9-5,,2006,249 000 km,2 290 cm3,Benzyna,185 KM,Automatyczna,Na przednie koła,Sedan,4,5,Granatowy,Metalik,Belgia,WU4812P,,Używane,8999,PLN,2006,249 000 km,Benzyna,Sedan,2.3t Linear Griffin Edition,,"14,80 l/100km",,18/08/2006,,,,,Tak,,,,,,,,,,,
187,Osoby prywatnej,Osobowe,Tak,Tak,Saab,9-3,I (1998-2002),1998,370 397 km,2 290 cm3,Benzyna,150 KM,Manualna,Na przednie koła,Kompakt,5,5,Srebrny,Metalik,Niemcy,WE197LL,Tak,Używane,4000,PLN,1998,370 397 km,Benzyna,Kompakt,,,,,12/08/1998,,,Tak,Tak,,,,,,,,,,,,
188,Osoby prywatnej,Osobowe,Tak,,Saab,9-5,,2007,232 700 km,2 290 cm3,Benzyna+LPG,220 KM,Automatyczna,Na przednie koła,Kombi,5,5,Granatowy,Metalik,,,Tak,Używane,18500,PLN,2007,232 700 km,Benzyna+LPG,Kombi,,,,,12/03/2007,,,,,,,,,,,,,,,,
189,Osoby prywatnej,Osobowe,Tak,Tak,Saab,9-3,II (2003-2011),2004,273 000 km,1 998 cm3,Benzyna,175 KM,Manualna,Na przednie koła,Kabriolet,2,4,Beżowy,,,WKZEW74,Tak,Używane,16900,PLN,2004,273 000 km,Benzyna,Kabriolet,,,,,04/07/2017,,,Tak,,,,,,,,,,,,,
190,Osoby prywatnej,Osobowe,Tak,Tak,Saab,9-3,II (2003-2011),2007,283 200 km,1 998 cm3,Benzyna+LPG,175 KM,Manualna,Na przednie koła,Kombi,5,5,Szary,,Szwecja,RP xxxxx,Tak,Używane,14900,PLN,2007,283 200 km,Benzyna+LPG,Kombi,,,,,24/10/2007,,,Tak,,,,,,,,,,,,,
191,Osoby prywatnej,Osobowe,Tak,Tak,Saab,9-3,II (2003-2011),2008,220 500 km,1 910 cm3,Diesel,120 KM,Manualna,Na przednie koła,Sedan,4,5,Czarny,,Belgia,ZKL22936,Tak,Używane,17000,PLN,2008,220 500 km,Diesel,Sedan,1.9TiD Linear Sport,,7 l/100km,,,55 l/100km,,Tak,,,,,,,,,,,,,
192,Osoby prywatnej,Osobowe,Tak,Tak,Saab,9-3,II (2003-2011),2005,287 596 km,1 998 cm3,Benzyna,175 KM,Manualna,Na przednie koła,Kombi,5,5,Niebieski,Metalik,Szwecja,WR386FC,Tak,Używane,10500,PLN,2005,287 596 km,Benzyna,Kombi,2.0T Linear,,11 l/100km,,26/08/2005,6.0 l/100km,197 g/km,Tak,,,,,,,,,,,,,
193,Firmy,Osobowe,Tak,Tak,Saab,9-5,,2008,235 000 km,1 910 cm3,Diesel,150 KM,Automatyczna,Na przednie koła,Sedan,4,5,Czarny,Metalik,,EKU11426,Tak,Używane,19800,PLN,2008,235 000 km,Diesel,Sedan,,,"10,20 l/100km",Tak,,,,Tak,,Tak,,Tak,,,Tak,,,,,,
194,Osoby prywatnej,Osobowe,Tak,Tak,Saab,9-3,II (2003-2011),2007,516 000 km,1 998 cm3,Benzyna+LPG,150 KM,Manualna,Na przednie koła,Sedan,5,5,Szary,,Niemcy,KWI60493,Tak,Używane,12000,PLN,2007,516 000 km,Benzyna+LPG,Sedan,,,,,19/04/2007,,,,,,,,,,,,,,,,
195,Osoby prywatnej,Osobowe,Tak,,Saab,9-3,II (2003-2011),2008,220 000 km,1 998 cm3,Diesel,210 KM,Manualna,Na przednie koła,Kabriolet,3,,Srebrny,Metalik,,,Tak,Używane,33900,PLN,2008,220 000 km,Diesel,Kabriolet,,,,,,,,,,,,,,,,,,,,,
196,Firmy,Osobowe,Tak,,Saab,9-3,II (2003-2011),2005,204 971 km,1 910 cm3,Diesel,150 KM,Manualna,Na przednie koła,Kombi,5,5,Czarny,Metalik,Niemcy,,Tak,Używane,13900,PLN,2005,204 971 km,Diesel,Kombi,1.9TiDS PF Arc,,9 l/100km,Tak,,,,Tak,,Tak,,,,,,,,,,,
197,Osoby prywatnej,Osobowe,Tak,Tak,Saab,9-3,II (2003-2011),2003,225 000 km,1 998 cm3,Benzyna+LPG,210 KM,Manualna,Na przednie koła,Kabriolet,2,4,Srebrny,Metalik,,WT9623C,Tak,Używane,27900,PLN,2003,225 000 km,Benzyna+LPG,Kabriolet,2.0 Turbo S Aero,,12 l/100km,,01/03/2003,7.0 l/100km,,,,,,,,,,,,,,,
198,Firmy,Osobowe,Tak,,Saab,9-3,II (2003-2011),2007,229 768 km,1 910 cm3,Diesel,150 KM,Manualna,,Kombi,5,5,Czarny,,,,,Używane,12900,PLN,2007,229 768 km,Diesel,Kombi,1.9TiDS PF Arc,,7 l/100km,,,,,,,Tak,,,Tak,,,,,,,,
199,Osoby prywatnej,Osobowe,Tak,Tak,Saab,900,,1997,338 324 km,2 290 cm3,Benzyna+LPG,150 KM,Manualna,Na przednie koła,Kabriolet,2,4,Czarny,Metalik,Niemcy,SMI19151,Tak,Używane,19900,PLN,1997,338 324 km,Benzyna+LPG,Kabriolet,Cabriolet 2.3 SE,,13 l/100km,,24/10/1997,7.0 l/100km,,,,,,,,,,,,,,,
200,Firmy,Osobowe,Tak,,Saab,9-3,II (2003-2011),2007,213 000 km,1 998 cm3,Benzyna,150 KM,Automatyczna,Na przednie koła,Sedan,4,5,Inny kolor,Metalik,Niemcy,,Tak,Używane,21900,PLN,2007,213 000 km,Benzyna,Sedan,,,"11,90 l/100km",Tak,11/10/2007,,,,,,,,,,Tak,,,,,1 miesięcy,
201,Osoby prywatnej,Osobowe,Tak,Tak,Saab,9-3,I (1998-2002),2001,240 000 km,1 985 cm3,Benzyna,150 KM,Manualna,Na przednie koła,Kabriolet,2,4,Czarny,,Niemcy,Pz 1m093,Tak,Używane,21000,PLN,2001,240 000 km,Benzyna,Kabriolet,2.0LPT,,12 l/100km,,26/04/2001,6.0 l/100km,201 g/km,Tak,,,,,,,,,,,,,
202,Osoby prywatnej,Osobowe,Tak,Tak,Saab,9-5,,2006,190 000 km,2 290 cm3,Benzyna+LPG,260 KM,Automatyczna,Na przednie koła,Sedan,5,5,Srebrny,Metalik,Kanada,WPR84248,,Używane,20500,PLN,2006,190 000 km,Benzyna+LPG,Sedan,,,12 l/100km,,13/08/2009,,,,,,,,,,,,,,,,
203,Osoby prywatnej,Osobowe,Tak,,Saab,9-3,II (2003-2011),2005,260 000 km,1 998 cm3,Benzyna,150 KM,Manualna,Na przednie koła,Sedan,5,5,Czarny,,,,,Używane,7300,PLN,2005,260 000 km,Benzyna,Sedan,,,,,,,,,,,,,,,,,,,,,
204,Firmy,Osobowe,Tak,,Saab,9-3,II (2003-2011),2010,225 000 km,1 998 cm3,Benzyna,210 KM,Automatyczna,4x4 (stały),Sedan,4,5,Biały,,,,Tak,Używane,36900,PLN,2010,225 000 km,Benzyna,Sedan,2.0T XWD Linear,,"11,90 l/100km",Tak,01/01/2010,,,,,,,,,,Tak,,,,,,
205,Osoby prywatnej,Osobowe,Tak,,Saab,9-3,II (2003-2011),2006,245 000 km,1 998 cm3,Benzyna,150 KM,Automatyczna,,Kombi,5,5,Inny kolor,,Szwajcaria,,Tak,Używane,14500,PLN,2006,245 000 km,Benzyna,Kombi,1.8t Sport-Kombi Vector,,13 l/100km,,,,,,,,,,,,,,,,,,
206,Firmy,Osobowe,Tak,Tak,Saab,9-3,II (2003-2011),2003,178 150 km,1 998 cm3,Benzyna,175 KM,Manualna,Na przednie koła,Kabriolet,3,4,Złoty,Metalik,,SZ2545L,Tak,Używane,8990,PLN,2003,178 150 km,Benzyna,Kabriolet,,,,Tak,04/03/2004,,,,,,,,,,Tak,,,,,,
207,Osoby prywatnej,Osobowe,Tak,Tak,Saab,9-3,I (1998-2002),1998,430 000 km,1 985 cm3,Benzyna+LPG,154 KM,Automatyczna,Na przednie koła,Kabriolet,2,2,Czarny,Metalik,Szwecja,WM3028S,Tak,Używane,7800,PLN,1998,430 000 km,Benzyna+LPG,Kabriolet,,,,,23/09/1998,,,,,,,,,,,,,,,,
208,Osoby prywatnej,Osobowe,Tak,,Saab,900,,1990,315 000 km,1 985 cm3,Benzyna,160 KM,Manualna,Na przednie koła,Coupe,3,5,Czarny,,Niemcy,,Tak,Używane,70000,PLN,1990,315 000 km,Benzyna,Coupe,,,,,19/03/2015,,,Tak,,,,,,,,,,,,,
209,Osoby prywatnej,Osobowe,Tak,,Saab,9-3,II (2003-2011),2008,150 000 km,1 910 cm3,Diesel,150 KM,Automatyczna,,Kabriolet,2,,Inny kolor,,,,Tak,Używane,38000,PLN,2008,150 000 km,Diesel,Kabriolet,,,,,,,,Tak,,,,,,,,,,,,,
210,Osoby prywatnej,Osobowe,Tak,,Saab,9-3,II (2003-2011),2006,265 000 km,2 792 cm3,Benzyna+LPG,250 KM,Automatyczna,Na przednie koła,Kombi,5,5,Czarny,Metalik,,,Tak,Używane,21500,PLN,2006,265 000 km,Benzyna+LPG,Kombi,,,,,02/05/2006,,,Tak,,,,,,,,,,,,,
211,Osoby prywatnej,Osobowe,Tak,,Saab,9-3,II (2003-2011),2006,260 000 km,1 910 cm3,Diesel,150 KM,Manualna,,Kombi,5,5,Czarny,,,,,Używane,8999,PLN,2006,260 000 km,Diesel,Kombi,1.9TiDS PF Vector,,7 l/100km,Tak,,,,,,,,,,,,,,,,,
212,Osoby prywatnej,Osobowe,Tak,Tak,Saab,9-3,II (2003-2011),2008,226 000 km,1 910 cm3,Diesel,120 KM,Manualna,Na przednie koła,Sedan,5,5,Szary,,,Wpr62532,,Używane,13000,PLN,2008,226 000 km,Diesel,Sedan,1.9TiD PF Linear,,7 l/100km,,18/01/2008,4.0 l/100km,149 g/km,,,,,,,,,,,,,,
213,Osoby prywatnej,Osobowe,Tak,Tak,Saab,9-3,II (2003-2011),2008,235 000 km,1 910 cm3,Diesel,180 KM,Manualna,Na przednie koła,Sedan,4,5,Czarny,Metalik,Luksemburg,FGW12164,Tak,Używane,22500,PLN,2008,235 000 km,Diesel,Sedan,1.9 TTiD DPF Aero,,"7,90 l/100km",,27/02/2008,4.8 l/100km,159 g/km,Tak,,,,Tak,,,,,,,,,
214,Firmy,Osobowe,Tak,,Saab,9-3,II (2003-2011),2005,264 000 km,1 910 cm3,Diesel,120 KM,Manualna,Na przednie koła,Sedan,4,5,Czarny,,,,,Używane,6900,PLN,2005,264 000 km,Diesel,Sedan,,,,Tak,,,,,,,,,,,,,,,,,
215,Firmy,Osobowe,Tak,,Saab,9-5,,2002,170 000 km,2 300 cm3,Benzyna,185 KM,Manualna,Na przednie koła,Kombi,5,5,Srebrny,Metalik,,,,Używane,11700,PLN,2002,170 000 km,Benzyna,Kombi,,,,Tak,,,,Tak,,Tak,,,,,,,,,,,
216,Osoby prywatnej,Osobowe,Tak,,Saab,9-3,II (2003-2011),2004,289 000 km,1 796 cm3,Benzyna,122 KM,Manualna,Na przednie koła,Sedan,4,5,Beżowy,Metalik,,,Tak,Używane,7500,PLN,2004,289 000 km,Benzyna,Sedan,1.8i Linear,,10 l/100km,,,5.0 l/100km,183 g/km,Tak,,Tak,,,,,,,,,,,
217,Osoby prywatnej,Osobowe,Tak,Tak,Saab,9-3,II (2003-2011),2003,411 000 km,1 796 cm3,Benzyna,122 KM,Manualna,Na przednie koła,Sedan,4,5,Czarny,,Dania,WGRGU38,Tak,Używane,5000,PLN,2003,411 000 km,Benzyna,Sedan,1.8i Linear,,10 l/100km,,01/12/2003,5.0 l/100km,183 g/km,,,,,,,,,,,,,,
218,Osoby prywatnej,Osobowe,Tak,Tak,Saab,9-3,I (1998-2002),1999,246 000 km,1 985 cm3,Benzyna,154 KM,Manualna,Na przednie koła,Kabriolet,2,4,Czarny,Metalik,,Braknr,,Używane,8999,PLN,1999,246 000 km,Benzyna,Kabriolet,SE 2.0LPT,,,,03/03/1999,6.0 l/100km,,,,,,,,,,,,,,,
219,Osoby prywatnej,Osobowe,Tak,,Saab,9-5,,2004,238 000 km,2 958 cm3,Diesel,163 KM,Manualna,Na przednie koła,Sedan,4,5,Niebieski,Metalik,Belgia,,Tak,Używane,5300,PLN,2004,238 000 km,Diesel,Sedan,,,9 l/100km,,,,,,Tak,,,,,,,,,,,,
220,Firmy,Osobowe,Tak,,Saab,9-5,,2010,162 000 km,1 956 cm3,Diesel,190 KM,Manualna,Na przednie koła,Sedan,4,5,Czarny,Metalik,,,,Używane,34900,PLN,2010,162 000 km,Diesel,Sedan,2.0 TTiD PF Vector,,8 l/100km,Tak,,,139 g/km,Tak,,Tak,,,,,,,,,,,
221,Osoby prywatnej,Osobowe,Tak,,Saab,9-3,II (2003-2011),2006,320 000 km,1 910 cm3,Diesel,120 KM,Manualna,Na przednie koła,Sedan,4,,Czarny,Metalik,,,Tak,Używane,7250,PLN,2006,320 000 km,Diesel,Sedan,,,,,,,,,Tak,,,,,,,,,,,,
222,Osoby prywatnej,Osobowe,Tak,,Saab,9-5,,2010,196 000 km,1 998 cm3,Benzyna,220 KM,Automatyczna,4x4 (dołączany automatycznie),Sedan,4,5,Szary,Metalik,Szwajcaria,,,Używane,69900,PLN,2010,196 000 km,Benzyna,Sedan,2.0T XWD Aero,,"14,70 l/100km",,,,,Tak,,Tak,,,,,Tak,Tak,,,,,
223,Osoby prywatnej,Osobowe,Tak,Tak,Saab,900,,1993,249 000 km,1 985 cm3,Benzyna,145 KM,Manualna,Na przednie koła,Coupe,3,5,Zielony,Metalik,Francja,EZG81270,,Używane,33950,PLN,1993,249 000 km,Benzyna,Coupe,2.0-16 S,,,,28/05/1993,,,Tak,,,,,,,,,,,,,
224,Osoby prywatnej,Osobowe,Tak,,Saab,9-3,I (1998-2002),2003,129 800 km,1 988 cm3,Benzyna,175 KM,Manualna,Na przednie koła,Kabriolet,4,4,Czarny,,Holandia,,Tak,Używane,19999,PLN,2003,129 800 km,Benzyna,Kabriolet,,,,,17/06/2003,,,,,,,,,,,,,,,,
225,Osoby prywatnej,Osobowe,Tak,Tak,Saab,9-3,I (1998-2002),1998,211 606 km,1 985 cm3,Benzyna,130 KM,Manualna,Na przednie koła,Coupe,3,5,Granatowy,Metalik,Włochy,WL 91785,Tak,Używane,5800,PLN,1998,211 606 km,Benzyna,Coupe,SE 2.0i,,13 l/100km,,03/12/1998,7.0 l/100km,,Tak,,,,,,,,,,,,,
226,Osoby prywatnej,Osobowe,Tak,Tak,Saab,9-3,II (2003-2011),2009,264 000 km,1 910 cm3,Diesel,180 KM,Manualna,Na przednie koła,Kombi,5,5,Niebieski,Metalik,Niemcy,WD9397L,Tak,Używane,19500,PLN,2009,264 000 km,Diesel,Kombi,,,"5,70 l/100km",,,,,,,,,,,,,,,,,,
227,Osoby prywatnej,Osobowe,Tak,,Saab,9-3,II (2003-2011),2008,325 000 km,1 910 cm3,Diesel,120 KM,Manualna,,Kombi,5,,Inny kolor,,,,Tak,Używane,15000,PLN,2008,325 000 km,Diesel,Kombi,1.9 TiD Sport Kombi DPF Linear,,"7,30 l/100km",,,,,,,,,Tak,,,,,,,,,
228,Firmy,Osobowe,Tak,,Saab,9-3,II (2003-2011),2008,305 000 km,1 998 cm3,Benzyna,150 KM,Manualna,Na przednie koła,Kombi,5,5,Szary,Metalik,,,,Używane,15900,PLN,2008,305 000 km,Benzyna,Kombi,1.8t Sport-Kombi Linear,,"10,90 l/100km",Tak,,,139 g/km,Tak,,Tak,,,,,Tak,,,,,,
229,Osoby prywatnej,Osobowe,Tak,Tak,Saab,9-3,II (2003-2011),2006,305 892 km,1 910 cm3,Diesel,120 KM,Manualna,,Kombi,5,5,Niebieski,Metalik,Niemcy,PJAVP80,Tak,Używane,8000,PLN,2006,305 892 km,Diesel,Kombi,1.9 TiD Sport Kombi DPF Linear,,"7,30 l/100km",,03/08/2006,,,Tak,,,,,,,,,,,,,
230,Osoby prywatnej,Osobowe,Tak,Tak,Saab,9-3,II (2003-2011),2006,248 000 km,2 792 cm3,Benzyna+LPG,250 KM,Automatyczna,Na przednie koła,Kombi,5,5,Czarny,,Szwecja,WS1020c,Tak,Używane,17000,PLN,2006,248 000 km,Benzyna+LPG,Kombi,,,,,07/02/2006,,,,,,,,,,,,,,,,
231,Osoby prywatnej,Osobowe,Tak,,Saab,9-3,II (2003-2011),2005,218 432 km,1 998 cm3,Benzyna,150 KM,Manualna,Na przednie koła,Kabriolet,2,4,Czarny,Metalik,Niemcy,,Tak,Używane,17900,PLN,2005,218 432 km,Benzyna,Kabriolet,1.8t Vector Anniversary,,"10,70 l/100km",,,5.9 l/100km,176 g/km,Tak,,Tak,,,,,,,,,,,
232,Firmy,Osobowe,Tak,,Saab,900,,1996,204 000 km,1 985 cm3,Benzyna,185 KM,Manualna,Na przednie koła,Kompakt,5,5,Czarny,Metalik,,,,Używane,11900,PLN,1996,204 000 km,Benzyna,Kompakt,2.0 SE Turbo,,,Tak,,,,,,,,,,,,,,,,,
233,Osoby prywatnej,Osobowe,Tak,Tak,Saab,9-3,II (2003-2011),2004,293 500 km,1 998 cm3,Benzyna+LPG,150 KM,Manualna,Na przednie koła,Sedan,2,5,Czarny,,,PKA07043,Tak,Używane,19500,PLN,2004,293 500 km,Benzyna+LPG,Sedan,1.8t Linear,,10 l/100km,,03/09/2004,5.0 l/100km,178 g/km,Tak,,,,,,,,,,Tak,,,
234,Osoby prywatnej,Osobowe,Tak,,Saab,9-5,,2001,390 000 km,2 290 cm3,Benzyna+LPG,250 KM,Manualna,,Kombi,5,5,Czarny,,,,,Używane,9000,PLN,2001,390 000 km,Benzyna+LPG,Kombi,Kombi 2.3 TS Aero,,13 l/100km,,,,,,Tak,,,,,,,,,,,,
235,Osoby prywatnej,Osobowe,Tak,,Saab,9-3,II (2003-2011),2006,314 715 km,1 910 cm3,Diesel,150 KM,Automatyczna,Na przednie koła,Kombi,5,5,Granatowy,,Belgia,,Tak,Używane,10900,PLN,2006,314 715 km,Diesel,Kombi,,,,,,,,Tak,,,,Tak,,,,,,,,,
236,Osoby prywatnej,Osobowe,Tak,Tak,Saab,9-5,,2010,199 247 km,1 956 cm3,Diesel,190 KM,Manualna,Na przednie koła,Sedan,4,5,Czarny,,,Fza 56467,Tak,Używane,45000,PLN,2010,199 247 km,Diesel,Sedan,2.0 TTiD PF Aero,,8 l/100km,,01/02/2011,4.0 l/100km,159 g/km,,,,,,,,,,,,,,
237,Firmy,Osobowe,Tak,,Saab,9-5,,2006,319 000 km,1 910 cm3,Diesel,150 KM,Automatyczna,,Kombi,5,5,Czarny,,,,,Używane,8900,PLN,2006,319 000 km,Diesel,Kombi,,,,Tak,,,,,,,,,,,,,,,,,
238,Osoby prywatnej,Osobowe,Tak,Tak,Saab,9-3,I (1998-2002),2000,267 000 km,1 985 cm3,Benzyna,205 KM,Manualna,Na przednie koła,Kompakt,5,5,Niebieski,Metalik,Szwecja,EL 521XT,Tak,Używane,10000,PLN,2000,267 000 km,Benzyna,Kompakt,,,13 l/100km,,27/02/2001,7.0 l/100km,,Tak,,,,,,,,,,,,,
239,Osoby prywatnej,Osobowe,Tak,,Saab,9-3,II (2003-2011),2008,232 000 km,1 910 cm3,Diesel,180 KM,Manualna,,Kombi,5,,Czarny,,,,,Używane,20000,PLN,2008,232 000 km,Diesel,Kombi,1.9TTiD PF Vector,YS3FF56P981120209,8 l/100km,,,,,,,,,,,,,,,,,,
240,Osoby prywatnej,Osobowe,Tak,,Saab,900,,1989,270 000 km,1 985 cm3,Benzyna,175 KM,Manualna,,Coupe,2,5,Niebieski,,,,,Używane,13500,PLN,1989,270 000 km,Benzyna,Coupe,,,,,,,,,,,,,,,,,,,,,
241,Osoby prywatnej,Osobowe,Tak,Tak,Saab,9-5,,2009,250 000 km,1 910 cm3,Diesel,150 KM,Automatyczna,Na przednie koła,Kombi,5,5,Czarny,,Belgia,SPS 44152,Tak,Używane,11900,PLN,2009,250 000 km,Diesel,Kombi,,,"10,40 l/100km",,22/12/2017,,,,,,,Tak,,,,,,,,,
242,Osoby prywatnej,Osobowe,Tak,Tak,Saab,9-3,II (2003-2011),2008,161 300 km,2 792 cm3,Benzyna,280 KM,Manualna,Na przednie koła,Kombi,5,5,Czarny,Metalik,Szwajcaria,WN2481S,Tak,Używane,26900,PLN,2008,161 300 km,Benzyna,Kombi,2.8 V6 Aero XWD,,16 l/100km,,28/10/2008,7.0 l/100km,263 g/km,,,,,,,,,,,Tak,,,
243,Osoby prywatnej,Osobowe,Tak,Tak,Saab,9-3,II (2003-2011),2007,240 000 km,1 796 cm3,Benzyna,122 KM,Manualna,Na przednie koła,Kombi,5,5,Czerwony,,,KR7WA99,Tak,Używane,12800,PLN,2007,240 000 km,Benzyna,Kombi,1.8i Sport-Kombi Linear,,"10,50 l/100km",,14/03/2007,6.1 l/100km,185 g/km,Tak,,Tak,,,,,,,,,,,
244,Osoby prywatnej,Osobowe,Tak,,Saab,9-5,,2006,273 311 km,2 290 cm3,Benzyna,185 KM,Automatyczna,Na przednie koła,Sedan,5,5,Czarny,,,,,Używane,8700,PLN,2006,273 311 km,Benzyna,Sedan,,,,,,,,,,,,,,,,,,,,,
245,Osoby prywatnej,Osobowe,Tak,,Saab,9-3,II (2003-2011),2004,156 700 km,1 998 cm3,Benzyna,209 KM,Automatyczna,Na przednie koła,Kabriolet,2,5,Inny kolor,Perłowy,,,Tak,Używane,15999,PLN,2004,156 700 km,Benzyna,Kabriolet,2.0T Bio Power Aero,,,,,,,,,,,,,,,,,,,,
246,Firmy,Osobowe,Tak,,Saab,9-3,II (2003-2011),2011,222 000 km,1 910 cm3,Diesel,160 KM,Manualna,Na przednie koła,Sedan,4,5,Szary,Metalik,,,,Używane,27900,PLN,2011,222 000 km,Diesel,Sedan,,,,Tak,,,,Tak,,,,,,,,,,,,,
247,Osoby prywatnej,Osobowe,Tak,,Saab,9-3,II (2003-2011),2004,207 995 km,1 998 cm3,Benzyna,210 KM,Automatyczna,Na przednie koła,Kabriolet,2,4,Czarny,Metalik,Niemcy,,Tak,Używane,25900,PLN,2004,207 995 km,Benzyna,Kabriolet,2.0T Cabrio Aero,,"13,40 l/100km",,29/01/2004,6.9 l/100km,214 g/km,,,,,,,,,,,,,,
248,Osoby prywatnej,Osobowe,Tak,,Saab,900,,1986,230 000 km,1 985 cm3,Benzyna,99 KM,Manualna,,Auta małe,3,,Biały,,,,,Używane,12900,PLN,1986,230 000 km,Benzyna,Auta małe,2.0 C,11111111111111111,,,,,,,,,,,,,,,,,,,
249,Osoby prywatnej,Osobowe,Tak,,Saab,9-3,II (2003-2011),2005,330 000 km,1 796 cm3,Benzyna+LPG,122 KM,Manualna,Na przednie koła,Sedan,5,5,Czarny,,Holandia,,Tak,Używane,9840,PLN,2005,330 000 km,Benzyna+LPG,Sedan,1.8i Linear,,9 l/100km,,,7 l/100km,,,,,,,,8 l/100km,,,,,,,
250,Osoby prywatnej,Osobowe,Tak,Tak,Saab,9-3,II (2003-2011),2003,197 110 km,1 998 cm3,Benzyna,175 KM,Manualna,Na przednie koła,Kabriolet,2,4,Inny kolor,Perłowy,Włochy,GA 720AW,Tak,Używane,20500,PLN,2003,197 110 km,Benzyna,Kabriolet,2.0T Vector,,12 l/100km,,29/06/2017,,,Tak,,,,,,,,,,,,,
251,Osoby prywatnej,Osobowe,Tak,Tak,Saab,9-3,II (2003-2011),2007,397 546 km,1 998 cm3,Benzyna,150 KM,Manualna,Na przednie koła,Kombi,5,5,Czarny,Metalik,Dania,KR3G790,Tak,Używane,11900,PLN,2007,397 546 km,Benzyna,Kombi,1.8t Sport-Kombi Linear,,"10,90 l/100km",,10/05/2007,5.9 l/100km,,,,,,,,,,,,,,,
252,Firmy,Osobowe,Tak,,Saab,9-5,,2005,255 000 km,2 300 cm3,Benzyna,185 KM,Manualna,Na przednie koła,Kombi,5,5,Szary,Metalik,Szwecja,,,Używane,7999,PLN,2005,255 000 km,Benzyna,Kombi,,,,Tak,,,,Tak,,Tak,,,Tak,,Tak,,,,,,
253,Osoby prywatnej,Osobowe,Tak,Tak,Saab,9-3,II (2003-2011),2006,269 000 km,1 910 cm3,Diesel,150 KM,Automatyczna,Na przednie koła,Kabriolet,2,4,Czarny,Metalik,Belgia,SCZ6611A,Tak,Używane,24900,PLN,2006,269 000 km,Diesel,Kabriolet,1.9 Cabriolet TiD DPF Vector,,"9,30 l/100km",,,,,Tak,,,,Tak,,,,,,,,,
254,Osoby prywatnej,Osobowe,Tak,Tak,Saab,9-5,,1999,356 000 km,2 290 cm3,Benzyna+LPG,220 KM,Manualna,Na przednie koła,Sedan,5,5,Czarny,Matowy,Szwajcaria,DW090TE,Tak,Używane,7500,PLN,1999,356 000 km,Benzyna+LPG,Sedan,,,,,01/10/1999,,,Tak,,Tak,,,,,,,,Tak,,,
255,Osoby prywatnej,Osobowe,Tak,Tak,Saab,900,,1993,316 675 km,1 985 cm3,Benzyna,145 KM,Manualna,Na przednie koła,Coupe,3,5,Granatowy,,Holandia,WA65860,Tak,Używane,43000,PLN,1993,316 675 km,Benzyna,Coupe,2.0-16 S,,,,30/06/1993,,,,,,,,,,,,,,,,
256,Osoby prywatnej,Osobowe,Tak,Tak,Saab,9-5,,2005,190 000 km,2 962 cm3,Diesel,176 KM,Manualna,Na przednie koła,Sedan,5,5,Beżowy,Metalik,Francja,SBE7584F,Tak,Używane,12000,PLN,2005,190 000 km,Diesel,Sedan,,,10 l/100km,,24/09/2021,,,Tak,,,,,,,,,,,,,
257,Osoby prywatnej,Osobowe,Tak,,Saab,9-3,II (2003-2011),2009,245 000 km,1 910 cm3,Diesel,180 KM,Automatyczna,Na przednie koła,Kombi,5,5,Inny kolor,Metalik,,,Tak,Używane,22000,PLN,2009,245 000 km,Diesel,Kombi,,,"7,90 l/100km",,,,,Tak,,,,Tak,,,,,,,,,
258,Osoby prywatnej,Osobowe,Tak,,Saab,9-3,II (2003-2011),2008,305 000 km,1 910 cm3,Diesel,120 KM,Manualna,Na przednie koła,Sedan,4,5,Srebrny,Metalik,,,Tak,Używane,17900,PLN,2008,305 000 km,Diesel,Sedan,1.9TiD Vector,,7 l/100km,,,4.0 l/100km,,,,,,,,,,,,,,,
259,Osoby prywatnej,Osobowe,Tak,Tak,Saab,9-5,,2005,204 000 km,1 985 cm3,Benzyna,150 KM,Manualna,Na przednie koła,Kombi,5,5,Bordowy,,Szwecja,SL0097H,Tak,Używane,6200,PLN,2005,204 000 km,Benzyna,Kombi,Kombi 2.0t Linear,,12 l/100km,,30/03/2005,,,,,,,,,,,,,,,,
260,Osoby prywatnej,Osobowe,Tak,,Saab,9-5,,2006,375 000 km,1 910 cm3,Diesel,149 KM,Manualna,,Kombi,5,5,Srebrny,Metalik,,,,Używane,9600,PLN,2006,375 000 km,Diesel,Kombi,1.9 TiD Linear Griffin Edition,,,,,,,,,,,,,,,,,,,,
261,Osoby prywatnej,Osobowe,Tak,,Saab,9-3,II (2003-2011),2004,338 000 km,1 998 cm3,Benzyna+LPG,175 KM,Automatyczna,Na przednie koła,Sedan,2,5,Srebrny,,,,Tak,Używane,16200,PLN,2004,338 000 km,Benzyna+LPG,Sedan,,,,,24/05/2004,,,,,,,,,,,,,,,,
262,Osoby prywatnej,Osobowe,Tak,Tak,Saab,Inny,,2011,238 000 km,2 997 cm3,Benzyna,265 KM,Automatyczna,4x4 (dołączany automatycznie),SUV,5,5,Beżowy,Metalik,Stany Zjednoczone,WE6C768,Tak,Używane,94000,PLN,2011,238 000 km,Benzyna,SUV,,,,,01/06/2011,,,Tak,,Tak,,,,,,,,,,,
263,Osoby prywatnej,Osobowe,Tak,,Saab,9-3,II (2003-2011),2009,240 000 km,1 910 cm3,Diesel,179 KM,Automatyczna,Na przednie koła,Kabriolet,2,4,Szary,Metalik,,,Tak,Używane,43900,PLN,2009,240 000 km,Diesel,Kabriolet,,,8 l/100km,,,,,,,,,Tak,,,,,,,,,230 000 km
264,Firmy,Osobowe,Tak,,Saab,9-3,II (2003-2011),2008,247 000 km,1 910 cm3,Diesel,180 KM,Manualna,Na przednie koła,Sedan,4,5,Czarny,Metalik,Polska,,Tak,Używane,19999,PLN,2008,247 000 km,Diesel,Sedan,1.9TTiD PF Aero,,6 l/100km,Tak,03/06/2008,4.0 l/100km,129 g/km,Tak,,,,,Tak,,Tak,,,,,,
265,Osoby prywatnej,Osobowe,Tak,Tak,Saab,9-3,I (1998-2002),2002,179 946 km,1 985 cm3,Benzyna,205 KM,Manualna,Na przednie koła,Coupe,3,5,Czarny,Metalik,Polska,GSPM088,,Używane,14000,PLN,2002,179 946 km,Benzyna,Coupe,Aero 2.0 TS,,13 l/100km,,15/03/2002,7.0 l/100km,,,,,,,,,,,,,,,
266,Osoby prywatnej,Osobowe,Tak,,Saab,900,,1987,283 655 km,1 985 cm3,Benzyna,118 KM,Manualna,,Coupe,3,5,Czerwony,Matowy,,,,Używane,6700,PLN,1987,283 655 km,Benzyna,Coupe,,,,,,,,,,,,,,,,,,,,,
267,Osoby prywatnej,Osobowe,Tak,Tak,Saab,9-3,II (2003-2011),2007,262 000 km,1 910 cm3,Diesel,150 KM,Manualna,Na przednie koła,Kombi,5,5,Niebieski,Metalik,,AK874WC,,Używane,17300,PLN,2007,262 000 km,Diesel,Kombi,1.9 TiD Sport Kombi DPF (Sportgetriebe) Vector,,"7,80 l/100km",,01/02/2008,,,Tak,,,,Tak,,,,,,,,,
268,Osoby prywatnej,Osobowe,Tak,,Saab,9-3,II (2003-2011),2003,292 275 km,2 171 cm3,Diesel,125 KM,Manualna,,Sedan,5,5,Czarny,,,,,Używane,6499,PLN,2003,292 275 km,Diesel,Sedan,S 2.2 TiD,,8 l/100km,,,,,,,,,,,,,,,,,,
269,Firmy,Osobowe,Tak,Tak,Saab,9-5,,2003,315 370 km,2 290 cm3,Benzyna,250 KM,Manualna,Na przednie koła,Kombi,5,5,Czarny,,,WE 3Y708,Tak,Używane,5900,PLN,2003,315 370 km,Benzyna,Kombi,,,,Tak,27/06/2003,,,,,,,,,,,,,,,,
270,Osoby prywatnej,Osobowe,Tak,,Saab,9-3,II (2003-2011),2008,176 000 km,1 998 cm3,Benzyna,200 KM,Manualna,Na przednie koła,Auta miejskie,5,5,Czarny,Metalik,Niemcy,,,Używane,28350,PLN,2008,176 000 km,Benzyna,Auta miejskie,,,,,,,,,,,,,,,,,,,,,
271,Firmy,Osobowe,Tak,,Saab,9-5,,2002,295 000 km,1 985 cm3,Benzyna,150 KM,Manualna,Na przednie koła,Sedan,4,5,Szary,Metalik,Niemcy,,Tak,Używane,3999,PLN,2002,295 000 km,Benzyna,Sedan,2.0T Arc,,10 l/100km,Tak,,8 l/100km,,,,Tak,,,,9 l/100km,,,,,,,
272,Osoby prywatnej,Osobowe,Tak,,Saab,9-3,II (2003-2011),2004,258 000 km,1 796 cm3,Benzyna,122 KM,Manualna,Na przednie koła,Sedan,5,5,Czarny,Metalik,Niemcy,,,Używane,10900,PLN,2004,258 000 km,Benzyna,Sedan,1.8i Linear,,10 l/100km,,23/04/2004,,,,,Tak,,,,,,,,,,,
273,Firmy,Osobowe,Tak,,Saab,9-5,,2010,265 000 km,1 956 cm3,Diesel,160 KM,Manualna,Na przednie koła,Sedan,4,5,Srebrny,Metalik,Szwecja,,Tak,Używane,36999,PLN,2010,265 000 km,Diesel,Sedan,2.0 TiD PF Linear,,6 l/100km,Tak,09/11/2010,,,Tak,,Tak,,,Tak,,,,,,,,
274,Osoby prywatnej,Osobowe,Tak,Tak,Saab,9-3,II (2003-2011),2003,293 430 km,1 998 cm3,Benzyna+LPG,150 KM,Manualna,Na przednie koła,Sedan,2,5,Czarny,Metalik,,BSU13943,Tak,Używane,11600,PLN,2003,293 430 km,Benzyna+LPG,Sedan,,,,,07/03/2003,,,,,,,,,,,,,,,,
275,Firmy,Osobowe,Tak,Tak,Saab,9-5,,2011,204 457 km,1 998 cm3,Benzyna,220 KM,Automatyczna,,Sedan,4,5,Czarny,,Stany Zjednoczone,WD1234K,Tak,Używane,39900,PLN,2011,204 457 km,Benzyna,Sedan,,,,Tak,,,,,,,,,,,Tak,,,,,,
276,Osoby prywatnej,Osobowe,Tak,,Saab,900,,1991,165 000 km,1 985 cm3,Benzyna,145 KM,Manualna,Na przednie koła,Kabriolet,2,4,Szary,Metalik,,,,Używane,28900,PLN,1991,165 000 km,Benzyna,Kabriolet,Cabriolet 2.0 S,,,Tak,,,,Tak,,,,,,,,,,,,,
277,Firmy,Osobowe,Tak,,Saab,9-3,II (2003-2011),2005,170 000 km,1 998 cm3,Benzyna,150 KM,Automatyczna,Na przednie koła,Sedan,2,5,Niebieski,Metalik,Niemcy,,,Używane,3999,PLN,2005,170 000 km,Benzyna,Sedan,,,10 l/100km,,,8 l/100km,,,,Tak,,,,9 l/100km,,,,,,,
278,Osoby prywatnej,Osobowe,Tak,,Saab,900,,1989,220 000 km,1 985 cm3,Benzyna,155 KM,Manualna,Na przednie koła,Kabriolet,2,4,Czerwony,,Stany Zjednoczone,,,Używane,55900,PLN,1989,220 000 km,Benzyna,Kabriolet,2.0 Turbo,,,,01/01/1989,,,Tak,,Tak,,,,,,,,,,,
279,Osoby prywatnej,Osobowe,Tak,,Saab,9-3,II (2003-2011),2009,260 000 km,1 910 cm3,Diesel,180 KM,Manualna,Na przednie koła,Sedan,5,5,Szary,,,,,Używane,22000,PLN,2009,260 000 km,Diesel,Sedan,1.9TTiD PF Vector,,8 l/100km,,,,,Tak,,,,,,,,,,,,,
280,Firmy,Osobowe,Tak,,Saab,9-3,II (2003-2011),2009,139 000 km,1 796 cm3,Benzyna,122 KM,Manualna,Na przednie koła,Kombi,5,5,Niebieski,Metalik,Niemcy,,,Używane,26700,PLN,2009,139 000 km,Benzyna,Kombi,1.8i Sport-Kombi Linear,,"10,50 l/100km",Tak,16/04/2009,,,,,,,,,,,,,,,,
281,Firmy,Osobowe,Tak,Tak,Saab,9-5,,2011,295 000 km,1 956 cm3,Diesel,160 KM,Automatyczna,Na przednie koła,Sedan,4,5,Biały,Metalik,Dania,DB0415K,Tak,Używane,29999,PLN,2011,295 000 km,Diesel,Sedan,2.0 TiD PF Linear,,8 l/100km,Tak,04/02/2022,7 l/100km,,,,Tak,,Tak,,6 l/100km,Tak,,,,,,
282,Osoby prywatnej,Osobowe,Tak,Tak,Saab,9-3,II (2003-2011),2006,177 163 km,1 796 cm3,Benzyna,122 KM,Manualna,Na przednie koła,Kombi,5,5,Czarny,Metalik,Niemcy,ZS859NP,,Używane,10000,PLN,2006,177 163 km,Benzyna,Kombi,1.8i Sport-Kombi Linear,,"10,50 l/100km",,09/01/2007,6.1 l/100km,185 g/km,,,,,,,,,,,,,,
283,Firmy,Osobowe,Tak,,Saab,9-3,II (2003-2011),2010,237 000 km,1 910 cm3,Diesel,180 KM,Automatyczna,Na przednie koła,Sedan,4,5,Czarny,Metalik,Niemcy,,Tak,Używane,24900,PLN,2010,237 000 km,Diesel,Sedan,1.9 TTiD DPF Griffin Aero,,"7,70 l/100km",Tak,,,,Tak,,Tak,,,,,,,,,,,
284,Osoby prywatnej,Osobowe,Tak,Tak,Saab,9-3,II (2003-2011),2006,256 000 km,1 910 cm3,Diesel,175 KM,Automatyczna,Na przednie koła,Kombi,5,5,Czarny,Metalik,Niemcy,WOT79634,Tak,Używane,13900,PLN,2006,256 000 km,Diesel,Kombi,,,,,31/05/2006,,,,,,,,,,,,,,,,
285,Osoby prywatnej,Osobowe,,,Saab,99,,1974,74 000 km,1 700 cm3,Benzyna,100 KM,Manualna,,Auta małe,2,,Inny kolor,,,,,Używane,14900,PLN,1974,74 000 km,Benzyna,Auta małe,,,,,,,,,,,,,,,,,,,,,
286,Osoby prywatnej,Osobowe,Tak,,Saab,9-5,,2002,264 357 km,1 985 cm3,Benzyna+LPG,192 KM,Automatyczna,,Kombi,5,5,Niebieski,Metalik,Szwajcaria,,Tak,Używane,19900,PLN,2002,264 357 km,Benzyna+LPG,Kombi,,,,,,,,Tak,,Tak,,,,,,,,,,,
287,Firmy,Osobowe,Tak,Tak,Saab,9-3,I (1998-2002),2001,329 000 km,1 985 cm3,Benzyna,150 KM,Manualna,Na przednie koła,Auta miejskie,5,5,Szary,Metalik,Polska,nel55093,Tak,Używane,3300,PLN,2001,329 000 km,Benzyna,Auta miejskie,2.0 LPT Base,,12 l/100km,Tak,01/02/2001,,,,,,,,,,,,,,,,
288,Osoby prywatnej,Osobowe,Tak,Tak,Saab,9-3,II (2003-2011),2006,245 000 km,1 910 cm3,Diesel,120 KM,Manualna,Na przednie koła,Sedan,4,5,Czarny,Metalik,Belgia,1FJWXXX,,Używane,13900,PLN,2006,245 000 km,Diesel,Sedan,1.9TiD Vector,,7 l/100km,,28/06/2006,,,Tak,,Tak,,,,,,,,,,,
289,Osoby prywatnej,Osobowe,Tak,,Saab,9-3X,,2011,90 700 km,1 998 cm3,Benzyna,210 KM,Automatyczna,4x4 (dołączany automatycznie),Kombi,5,5,Biały,,Francja,,,Używane,33500,PLN,2011,90 700 km,Benzyna,Kombi,,,,Tak,27/06/2011,,,,Tak,,,,,,,,,,,,
290,Osoby prywatnej,Osobowe,Tak,Tak,Saab,9-5,,2003,270 000 km,2 171 cm3,Diesel,120 KM,Manualna,Na przednie koła,Kombi,5,5,Niebieski,Metalik,,GDA52234,Tak,Używane,3500,PLN,2003,270 000 km,Diesel,Kombi,,,,,18/07/2003,,,,,,,,,,,,,,,,270 000 km
291,Osoby prywatnej,Osobowe,Tak,,Saab,9-3,II (2003-2011),2008,214 800 km,1 910 cm3,Diesel,150 KM,Manualna,,Sedan,4,4,Szary,,,,,Używane,19500,PLN,2008,214 800 km,Diesel,Sedan,,,,,,,,,,,,,,,,,,,,,
292,Osoby prywatnej,Osobowe,Tak,,Saab,9-3,II (2003-2011),2007,180 000 km,1 998 cm3,Benzyna,150 KM,Manualna,,Sedan,4,5,Błękitny,Metalik,Szwecja,,Tak,Używane,20000,PLN,2007,180 000 km,Benzyna,Sedan,1.8t Linear,,10 l/100km,,04/12/2007,,,Tak,,,,,,,,,,Tak,,,
293,Firmy,Osobowe,Tak,,Saab,9-5,,2010,267 000 km,1 956 cm3,Diesel,160 KM,Manualna,Na przednie koła,Sedan,4,5,Czarny,Perłowy,Francja,,,Używane,36900,PLN,2010,267 000 km,Diesel,Sedan,2.0TiD Vector,,"6,90 l/100km",Tak,,6.8 l/100km,127 g/km,Tak,,Tak,,Tak,Tak,,Tak,,,,,1 miesięcy,
294,Osoby prywatnej,Osobowe,Tak,,Saab,9-5,,2007,145 000 km,2 290 cm3,Benzyna,260 KM,Automatyczna,Na przednie koła,Sedan,5,5,Czarny,Metalik,Polska,,Tak,Używane,37500,PLN,2007,145 000 km,Benzyna,Sedan,,,,,,,,Tak,,,,,,,,,,,,,
295,Osoby prywatnej,Osobowe,Tak,,Saab,9-3,II (2003-2011),2007,236 000 km,1 910 cm3,Diesel,120 KM,Manualna,,Sedan,5,,Czarny,,,,,Używane,12500,PLN,2007,236 000 km,Diesel,Sedan,,ZGL00309003800000,,,,,,,,,,,,,,,,,,,
296,Firmy,Osobowe,Tak,,Saab,9-3,II (2003-2011),2011,287 000 km,1 998 cm3,Benzyna,210 KM,Manualna,4x4 (dołączany ręcznie),Sedan,4,5,Srebrny,Metalik,Polska,,Tak,Używane,27900,PLN,2011,287 000 km,Benzyna,Sedan,2.0T Aero XWD,,11 l/100km,Tak,22/07/2011,,,,,,,,,,,,,,,,
297,Osoby prywatnej,Osobowe,Tak,,Saab,9-3,I (1998-2002),2000,310 000 km,1 985 cm3,Benzyna,150 KM,Manualna,Na przednie koła,Sedan,5,5,Czarny,,,,Tak,Używane,5500,PLN,2000,310 000 km,Benzyna,Sedan,,,11 l/100km,,,7 l/100km,,,,,,,,10 l/100km,,,,,,,
298,Firmy,Osobowe,Tak,Tak,Saab,9-3,II (2003-2011),2005,187 000 km,1 998 cm3,Benzyna,150 KM,Automatyczna,Na przednie koła,Sedan,4,5,Srebrny,Metalik,Szwajcaria,SG446763,,Używane,15900,PLN,2005,187 000 km,Benzyna,Sedan,,,"12,30 l/100km",,23/06/2005,,,Tak,,,,,Tak,,Tak,Tak,,,,,
299,Osoby prywatnej,Osobowe,Tak,Tak,Saab,9-3,II (2003-2011),2003,234 662 km,1 998 cm3,Benzyna+LPG,210 KM,Manualna,Na przednie koła,Sedan,4,5,Czarny,Metalik,Włochy,KNT25879,Tak,Używane,13900,PLN,2003,234 662 km,Benzyna+LPG,Sedan,2.0T Aero,,11 l/100km,,25/03/2003,6.0 l/100km,194 g/km,Tak,,,,,,,,,,,,,
300,Osoby prywatnej,Osobowe,Tak,,Saab,9-3,II (2003-2011),2004,235 000 km,1 910 cm3,Diesel,150 KM,Manualna,Na przednie koła,Sedan,4,5,Granatowy,Metalik,,,Tak,Używane,13200,PLN,2004,235 000 km,Diesel,Sedan,,,,,,,,,,,,,,,,,,,,,
301,Osoby prywatnej,Osobowe,Tak,Tak,Saab,9-3,II (2003-2011),2009,185 580 km,1 998 cm3,Benzyna+LPG,175 KM,Automatyczna,Na przednie koła,Sedan,4,5,Zielony,Metalik,,NEL48240,,Używane,12600,PLN,2009,185 580 km,Benzyna+LPG,Sedan,,,"12,90 l/100km",,01/01/2003,6.7 l/100km,216 g/km,,,,,,,,,,,,,,
302,Osoby prywatnej,Osobowe,Tak,,Saab,9-5,,2002,115 000 km,2 290 cm3,Benzyna,185 KM,Automatyczna,Na przednie koła,Kombi,5,5,Srebrny,Metalik,Irlandia,,,Używane,7900,PLN,2002,115 000 km,Benzyna,Kombi,,,"15,10 l/100km",,25/03/2002,7.6 l/100km,246 g/km,Tak,,,Tak,,,,,,,,,,
303,Osoby prywatnej,Osobowe,Tak,,Saab,9-3,I (1998-2002),1999,280 000 km,1 985 cm3,Benzyna,185 KM,Manualna,Na przednie koła,Kabriolet,2,5,Czarny,Metalik,,,Tak,Używane,8500,PLN,1999,280 000 km,Benzyna,Kabriolet,SE 2.0T,,14 l/100km,,,,,,,,,,,,,,,,,,
304,Firmy,Osobowe,Tak,,Saab,9-3,II (2003-2011),2007,186 000 km,1 998 cm3,Benzyna,150 KM,Manualna,Na przednie koła,Kombi,5,5,Brązowy,Perłowy,Szwecja,,Tak,Używane,17000,PLN,2007,186 000 km,Benzyna,Kombi,2.0T Linear,,10 l/100km,Tak,,,,Tak,,Tak,,,,,Tak,,,,,,
305,Osoby prywatnej,Osobowe,Tak,Tak,Saab,9-3,II (2003-2011),2008,138 700 km,1 998 cm3,Benzyna,210 KM,Automatyczna,,Kabriolet,2,4,Złoty,Metalik,Stany Zjednoczone,WE868JA,Tak,Używane,59000,PLN,2008,138 700 km,Benzyna,Kabriolet,,,,,01/01/2008,,,,,,,,,,,,,,,,
306,Firmy,Osobowe,Tak,Tak,Saab,9-3,II (2003-2011),2004,364 150 km,1 998 cm3,Benzyna,210 KM,Manualna,Na przednie koła,Sedan,4,5,Czarny,Metalik,Szwecja,WAG464,,Używane,11700,PLN,2004,364 150 km,Benzyna,Sedan,2.0T Aero,,11 l/100km,Tak,10/06/2004,,194 g/km,Tak,,Tak,,,,,Tak,,,,,,
307,Osoby prywatnej,Osobowe,Tak,,Saab,9-5,,2010,247 500 km,2 792 cm3,Benzyna,300 KM,Automatyczna,4x4 (dołączany automatycznie),Sedan,4,5,Szary,Metalik,Inny,,Tak,Używane,100000,PLN,2010,247 500 km,Benzyna,Sedan,,,,,,,,,,,,,,,,,,,,,
308,Firmy,Osobowe,Tak,Tak,Saab,9-3,II (2003-2011),2003,280 000 km,2 171 cm3,Diesel,125 KM,Manualna,Na przednie koła,Sedan,5,5,Czarny,Metalik,Niemcy,SO2356C,Tak,Używane,6999,PLN,2003,280 000 km,Diesel,Sedan,S 2.2 TiD,,8 l/100km,Tak,19/09/2003,5.0 l/100km,164 g/km,,,,,,,,,,,,,,
309,Firmy,Osobowe,Tak,,Saab,9-3,II (2003-2011),2007,268 600 km,1 998 cm3,Benzyna,175 KM,Manualna,Na przednie koła,Kombi,5,5,Czarny,Metalik,,,,Używane,18999,PLN,2007,268 600 km,Benzyna,Kombi,2.0T Sport-Kombi,,"11,50 l/100km",Tak,,,,Tak,,Tak,,,,,Tak,,,,,,
310,Osoby prywatnej,Osobowe,Tak,,Saab,9-3,II (2003-2011),2007,219 926 km,1 998 cm3,Benzyna,150 KM,Automatyczna,Na przednie koła,Kombi,5,5,Szary,Metalik,Szwajcaria,,,Używane,18999,PLN,2007,219 926 km,Benzyna,Kombi,,,,,,,,Tak,,Tak,,,,,,Tak,,,,,
311,Osoby prywatnej,Osobowe,Tak,Tak,Saab,90,,2020,259 000 km,1 985 cm3,Benzyna,95 KM,Manualna,Na przednie koła,Coupe,3,5,Niebieski,,Szwecja,GA438HX,Tak,Używane,14900,PLN,2020,259 000 km,Benzyna,Coupe,,,,Tak,09/07/1985,,,Tak,,,,,,,,,,,,,
312,Osoby prywatnej,Osobowe,Tak,,Saab,9-3,II (2003-2011),2003,272 000 km,1 998 cm3,Benzyna+LPG,150 KM,Manualna,,Sedan,4,5,Czarny,,,,,Używane,11000,PLN,2003,272 000 km,Benzyna+LPG,Sedan,1.8t Linear,,10 l/100km,,,,,,,,,,,,,,,,,,
313,Firmy,Osobowe,Tak,,Saab,9-3,I (1998-2002),2002,241 000 km,1 985 cm3,Benzyna,185 KM,Manualna,Na przednie koła,Kompakt,5,5,Czarny,Metalik,,,Tak,Używane,7999,PLN,2002,241 000 km,Benzyna,Kompakt,,,,Tak,,,,,,,,,,,,,,,,,
314,Firmy,Osobowe,Tak,,Saab,900,,1995,300 000 km,2 498 cm3,Benzyna,170 KM,Automatyczna,Na przednie koła,Coupe,2,4,Srebrny,,Austria,,,Używane,9000,PLN,1995,300 000 km,Benzyna,Coupe,,,13 l/100km,Tak,03/05/1995,,,,,,,,,,,,,,,,
315,Osoby prywatnej,Osobowe,Tak,Tak,Saab,9-3,II (2003-2011),2007,290 000 km,1 998 cm3,Benzyna+LPG,150 KM,Manualna,,Sedan,5,5,Czarny,,,SO3662W,,Używane,5900,PLN,2007,290 000 km,Benzyna+LPG,Sedan,,,,,,,,,Tak,,,,,,,,,,,,
316,Osoby prywatnej,Osobowe,Tak,Tak,Saab,9-5,,2011,177 000 km,1 998 cm3,Benzyna,220 KM,Automatyczna,Na przednie koła,Sedan,4,5,Czarny,Metalik,Stany Zjednoczone,WB 5408T,Tak,Używane,36500,PLN,2011,177 000 km,Benzyna,Sedan,,,,,01/01/2011,,,,,Tak,,,,,,,,,,,
317,Osoby prywatnej,Osobowe,Tak,,Saab,9-3,II (2003-2011),2008,225 000 km,1 910 cm3,Diesel,180 KM,Manualna,,Sedan,5,,Srebrny,,,,,Używane,21900,PLN,2008,225 000 km,Diesel,Sedan,1.9TTiD PF Vector,,8 l/100km,,,,,,,,,,,,,,,,,,
318,Osoby prywatnej,Osobowe,Tak,,Saab,9-3,II (2003-2011),2008,150 200 km,1 910 cm3,Diesel,150 KM,Automatyczna,,Kompakt,5,5,Czarny,Metalik,,,Tak,Używane,18000,PLN,2008,150 200 km,Diesel,Kompakt,,,,,,,,,,,,,,,,,,,,,
319,Osoby prywatnej,Osobowe,Tak,Tak,Saab,9-5,,2006,235 000 km,2 290 cm3,Benzyna,260 KM,Manualna,Na przednie koła,Kombi,5,5,Czarny,Metalik,Dania,CW31350,Tak,Używane,15900,PLN,2006,235 000 km,Benzyna,Kombi,Kombi 2.3 TS Aero,,12 l/100km,,06/10/2006,,,Tak,,Tak,,,Tak,,,,,,,,
320,Firmy,Osobowe,Tak,,Saab,9-3,II (2003-2011),2008,249 000 km,1 910 cm3,Diesel,150 KM,Automatyczna,Na przednie koła,Kombi,5,5,Czarny,Metalik,Niemcy,,,Używane,16960,PLN,2008,249 000 km,Diesel,Kombi,1.9 TiD Sport Kombi DPF Vector,,"10,40 l/100km",Tak,,,,,,Tak,,Tak,,,Tak,,,,,,
321,Osoby prywatnej,Osobowe,Tak,Tak,Saab,9-3,II (2003-2011),2011,291 000 km,1 910 cm3,Diesel,160 KM,Manualna,Na przednie koła,Sedan,5,5,Szary,Metalik,Niemcy,CZNMN35,,Używane,24900,PLN,2011,291 000 km,Diesel,Sedan,,,,,,,,Tak,,,,Tak,,,,,,,,,
322,Osoby prywatnej,Osobowe,Tak,Tak,Saab,9-5,,2004,317 000 km,1 985 cm3,Benzyna+LPG,149 KM,Automatyczna,Na przednie koła,Sedan,4,5,Zielony,Metalik,Polska,ZSZ 28319,,Używane,14144,PLN,2004,317 000 km,Benzyna+LPG,Sedan,,,,,,,,Tak,,,,,,,,,,,,,
323,Osoby prywatnej,Osobowe,Tak,Tak,Saab,900,,1995,218 000 km,1 985 cm3,Benzyna,130 KM,Manualna,Na przednie koła,Kabriolet,3,5,Czerwony,Perłowy,,wpl74447,Tak,Używane,9900,PLN,1995,218 000 km,Benzyna,Kabriolet,Coupe 2.0 S,,,,10/02/1995,7.0 l/100km,,,,,,,,,,,,,,,
324,Firmy,Osobowe,Tak,,Saab,9-5,,2003,212 121 km,2 290 cm3,Benzyna,185 KM,Manualna,Na przednie koła,Sedan,4,5,Granatowy,Metalik,,,,Używane,6199,PLN,2003,212 121 km,Benzyna,Sedan,2.3T Linear,,12 l/100km,,,,,,,,,,,,,,,,,,
325,Osoby prywatnej,Osobowe,Tak,,Saab,9000,,1994,347 460 km,2 290 cm3,Benzyna+LPG,200 KM,Automatyczna,,Sedan,5,5,Zielony,Metalik,,,,Używane,3500,PLN,1994,347 460 km,Benzyna+LPG,Sedan,CSE 2.3 T,,17 l/100km,,,,,,,,,,,,,,,,,,
326,Osoby prywatnej,Osobowe,Tak,Tak,Saab,9-3,II (2003-2011),2002,224 500 km,1 988 cm3,Benzyna,175 KM,Manualna,Na przednie koła,Sedan,4,5,Czarny,Metalik,Szwecja,WPR 6238F,Tak,Używane,15000,PLN,2002,224 500 km,Benzyna,Sedan,2.0T Vector,,11 l/100km,,13/09/2002,6.0 l/100km,,Tak,,,,,,,,,,,,,
327,Osoby prywatnej,Osobowe,Tak,Tak,Saab,9-3,II (2003-2011),2007,181 633 km,1 998 cm3,Benzyna,175 KM,Manualna,Na przednie koła,Sedan,5,5,Czarny,Metalik,,ZS256KT,Tak,Używane,7500,PLN,2007,181 633 km,Benzyna,Sedan,2.0T Vector,,11 l/100km,,26/06/2007,6.0 l/100km,197 g/km,Tak,Tak,,,,,,,,,,,,
328,Firmy,Osobowe,Tak,,Saab,9-3,II (2003-2011),2004,299 000 km,2 171 cm3,Diesel,125 KM,Manualna,Na przednie koła,Sedan,5,5,Czarny,Metalik,,,Tak,Używane,7490,PLN,2004,299 000 km,Diesel,Sedan,S 2.2 TiD,,8 l/100km,,,5.0 l/100km,164 g/km,Tak,,,,,,,,,,,,,
329,Osoby prywatnej,Osobowe,Tak,,Saab,9-3,II (2003-2011),2008,190 000 km,1 910 cm3,Diesel,180 KM,Manualna,Na przednie koła,Sedan,4,5,Srebrny,Metalik,Polska,,Tak,Używane,36000,PLN,2008,190 000 km,Diesel,Sedan,1.9TTiD PF Aero,,6 l/100km,,,4.0 l/100km,129 g/km,Tak,,,,,Tak,,,,,,,,
330,Osoby prywatnej,Osobowe,,Tak,Saab,96,,1978,190 000 km,1 500 cm3,Benzyna,50 KM,Manualna,Na przednie koła,Coupe,2,5,Czerwony,,,ZS315GC,Tak,Używane,28000,PLN,1978,190 000 km,Benzyna,Coupe,,,,,,,,Tak,,,,,,,,,,,,,
331,Firmy,Osobowe,Tak,Tak,Saab,9-3,II (2003-2011),2007,196 000 km,1 998 cm3,Benzyna,150 KM,Manualna,Na przednie koła,Kombi,5,5,Czarny,Metalik,Niemcy,MRK3064,,Używane,17900,PLN,2007,196 000 km,Benzyna,Kombi,1.8t Sport-Kombi Vector,,"10,90 l/100km",Tak,19/04/2007,,,Tak,,Tak,,,,,Tak,,,,,,
332,Firmy,Osobowe,Tak,Tak,Saab,9-3,II (2003-2011),2003,144 520 km,2 171 cm3,Diesel,125 KM,Manualna,Na przednie koła,Sedan,4,5,Szary,Metalik,,RK60537,Tak,Używane,7900,PLN,2003,144 520 km,Diesel,Sedan,,,,Tak,04/08/2003,,,,,,,,,,Tak,,,,,,
333,Osoby prywatnej,Osobowe,Tak,Tak,Saab,9-5,,2007,282 000 km,2 290 cm3,Benzyna+LPG,260 KM,Automatyczna,Na przednie koła,Sedan,4,5,Czarny,Perłowy,Polska,KBC 32254,Tak,Używane,25000,PLN,2007,282 000 km,Benzyna+LPG,Sedan,,,,,25/01/2008,,,Tak,,,,,,,,,,,,,
334,Osoby prywatnej,Osobowe,Tak,,Saab,9-3X,,2010,158 000 km,1 910 cm3,Diesel,180 KM,Manualna,Na przednie koła,Kombi,5,5,Zielony,Metalik,Polska,,Tak,Używane,31000,PLN,2010,158 000 km,Diesel,Kombi,1.9TTiD PF FWD Euro5,,6 l/100km,,14/09/2010,,,Tak,,,,,,,,,,,,,
335,Osoby prywatnej,Osobowe,Tak,Tak,Saab,9-3,II (2003-2011),2003,260 000 km,1 985 cm3,Benzyna,150 KM,Manualna,Na przednie koła,Sedan,5,5,Czarny,,Polska,PSZ 94370,Tak,Używane,9900,PLN,2003,260 000 km,Benzyna,Sedan,2.0 LPT Base,,12 l/100km,,26/06/2003,,,Tak,,,,,,,,,,,,,
336,Osoby prywatnej,Osobowe,Tak,Tak,Saab,9-3,II (2003-2011),2003,300 000 km,1 998 cm3,Benzyna+LPG,210 KM,Manualna,Na przednie koła,Sedan,4,5,Czarny,,Niemcy,SPS77788,,Używane,16000,PLN,2003,300 000 km,Benzyna+LPG,Sedan,2.0TS Aero,,11 l/100km,,06/01/2004,,,,,,,,,,,,,,,,
